SIN,100,"{""given_names"": ""TONYE"", ""surname"": ""THOMPSON"", ""middle_names"": ""BARBY""}",,1970-04-20,False,PAROLE,DRUG_COURT,MEDIUM,US_ID,Texas Instruments Incorporated,2019-07-24,2019-10-26,MALE,2019-10-26
SIN,101,"{""given_names"": ""LINET"", ""surname"": ""HANSEN""}",,1991-09-11,False,PROBATION,GENERAL,MEDIUM,US_ID,NiSource Inc.,2020-12-12,2019-12-20,MALE,2019-12-20
SIN,102,"{""given_names"": ""REBEKAH"", ""surname"": ""CORTES"", ""middle_names"": ""HATTI""}",,1971-01-21,False,PROBATION,GENERAL,MINIMUM,US_ID,International Paper Company,2019-05-11,2019-07-05,MALE,2019-07-05
ABQ,103,"{""given_names"": ""TARYN"", ""surname"": ""BERRY"", ""middle_names"": ""VIDA""}",,1975-08-19,False,PROBATION,GENERAL,MEDIUM,US_ID,"Crown Holdings, Inc.",2020-09-03,2019-02-04,MALE,2019-02-04
SIN,104,"{""given_names"": ""RAMONDA"", ""surname"": ""UNDERWOOD""}",,1999-09-11,False,PROBATION,GENERAL,HIGH,US_ID,Philip Morris International Inc.,2019-11-03,2019-04-07,MALE,2019-04-07
ABQ,105,"{""given_names"": ""LIBBY"", ""surname"": ""PRUITT""}","1007 RED FARMER DRIVE, HUEYTOWN AL 35023",1985-11-07,False,PAROLE,GENERAL,HIGH,US_ID,Seaboard Corporation,2020-09-01,2019-07-04,MALE,2019-07-04
ABQ,106,"{""given_names"": ""SHEILAH"", ""surname"": ""MARTINEZ"", ""middle_names"": ""MAURE""}",,1984-02-19,False,PROBATION,GENERAL,MINIMUM,US_ID,DISH Network Corporation,2019-10-09,2020-10-19,MALE,2020-10-19
SIN,107,"{""given_names"": ""CLARIBEL"", ""surname"": ""VELAZQUEZ"", ""middle_names"": ""M""}",,1984-08-07,False,PAROLE,GENERAL,MEDIUM,US_ID,"NRG Energy, Inc.",2020-11-03,2020-05-19,MALE,2020-05-19
ABQ,108,"{""given_names"": ""KORE"", ""surname"": ""CHURCH"", ""middle_names"": ""KATHARINA""}",,1999-02-28,False,PROBATION,GENERAL,MINIMUM,US_ID,State Street Corporation,2019-02-10,2019-01-08,MALE,2019-01-08
SIN,109,"{""given_names"": ""SHERRI"", ""surname"": ""WRIGHT"", ""middle_names"": ""RENELLE""}",,1979-10-28,False,PAROLE,GENERAL,MEDIUM,US_ID,H.J. Heinz Company,2019-06-02,2020-02-11,MALE,2020-02-11
ABQ,110,"{""given_names"": ""TWILA"", ""surname"": ""LOWERY"", ""middle_names"": ""NATALIE""}","742 MAIN STREET, NORTH OXFORD MA 1537",1995-03-19,False,PROBATION,GENERAL,MINIMUM,US_ID,"Staples, Inc.",2019-10-05,2020-08-23,MALE,2020-08-23
ABQ,111,"{""given_names"": ""HELGA"", ""surname"": ""ASHLEY""}",,1984-01-03,False,PROBATION,GENERAL,HIGH,US_ID,Erie Insurance Group,2019-02-05,2020-07-27,MALE,2020-07-27
SIN,112,"{""given_names"": ""CONSUELO"", ""surname"": ""MEDINA"", ""middle_names"": ""V""}",,1986-07-14,False,PROBATION,GENERAL,HIGH,US_ID,"EOG Resources, Inc.",2019-03-18,2020-11-24,MALE,2020-11-24
SIN,113,"{""given_names"": ""NELLE"", ""surname"": ""MORA"", ""middle_names"": ""GLORIANA""}",,1980-08-12,False,PAROLE,DRUG_COURT,MINIMUM,US_ID,Harris Corporation,2019-06-18,2020-10-04,MALE,2020-10-04
ABQ,114,"{""given_names"": ""SHEELA"", ""surname"": ""COWAN""}",,1962-06-08,False,PROBATION,GENERAL,MINIMUM,US_ID,"Tyson Foods, Inc.",2019-12-13,2019-04-23,MALE,2019-04-23
SIN,115,"{""given_names"": ""GAYLE"", ""surname"": ""CONWAY"", ""middle_names"": ""PAVLA""}",,1985-11-25,False,PROBATION,GENERAL,MEDIUM,US_ID,"Crown Holdings, Inc.",2020-10-26,2019-09-14,MALE,2019-09-14
SIN,116,"{""given_names"": ""DANIELE"", ""surname"": ""MORROW"", ""middle_names"": ""ABBI""}",,1983-12-12,False,PROBATION,GENERAL,HIGH,US_ID,"Spectrum Group International, Inc.",2020-04-11,2020-11-25,MALE,2020-11-25
ABQ,117,"{""given_names"": ""MIRAN"", ""surname"": ""PENA"", ""middle_names"": ""JENELLE""}","288 LARKIN, MONROE NY 10950",1991-08-25,False,PAROLE,GENERAL,MEDIUM,US_ID,Xcel Energy Inc.,2019-02-08,2019-04-18,MALE,2019-04-18
SIN,118,"{""given_names"": ""CHERY"", ""surname"": ""CURRY"", ""middle_names"": ""ADEL""}","6495 ATLANTA HWY, MONTGOMERY AL 36117",1987-09-14,False,PROBATION,GENERAL,MINIMUM,US_ID,"Motorola Solutions, Inc.",2020-06-20,2019-08-28,MALE,2019-08-28
ABQ,119,"{""given_names"": ""FLORINA"", ""surname"": ""ASHLEY"", ""middle_names"": ""P""}",,1979-06-28,False,PAROLE,GENERAL,HIGH,US_ID,Old Republic International Corporation,2020-03-21,2019-04-01,MALE,2019-04-01
SIN,120,"{""given_names"": ""MAGGEE"", ""surname"": ""FINLEY"", ""middle_names"": ""B""}",,1988-07-26,False,PROBATION,DRUG_COURT,MINIMUM,US_ID,"Marsh & McLennan Companies, Inc.",2020-02-23,2019-04-23,MALE,2019-04-23
ABQ,121,"{""given_names"": ""SONYA"", ""surname"": ""BAUTISTA"", ""middle_names"": ""BLINNY""}",,1970-04-02,False,PROBATION,GENERAL,MEDIUM,US_ID,Textron Inc.,2020-10-03,2019-01-23,MALE,2019-01-23
ABQ,122,"{""given_names"": ""EMILINE"", ""surname"": ""RICHMOND"", ""middle_names"": ""CATY""}",,1989-06-08,False,PROBATION,GENERAL,MEDIUM,US_ID,Textron Inc.,2020-12-02,2020-03-19,MALE,2020-03-19
ABQ,123,"{""given_names"": ""LISSA"", ""surname"": ""MEZA"", ""middle_names"": ""DELORA""}",,1980-10-26,False,PROBATION,GENERAL,MINIMUM,US_ID,J.P. Morgan Chase & Co.,2019-11-12,2020-02-21,MALE,2020-02-21
ABQ,124,"{""given_names"": ""CRIN"", ""surname"": ""MCMAHON"", ""middle_names"": ""L""}",,1972-09-14,False,PROBATION,GENERAL,MINIMUM,US_ID,Ingredion Incorporated,2019-07-24,2019-07-15,MALE,2019-07-15
ABQ,125,"{""given_names"": ""BLANCHA"", ""surname"": ""NASH"", ""middle_names"": ""MARYLIN""}",,1986-10-07,False,PROBATION,GENERAL,MINIMUM,US_ID,Murphy Oil Corporation,2020-10-13,2020-08-28,MALE,2020-08-28
ABQ,126,"{""given_names"": ""ALANA"", ""surname"": ""FLOYD""}",,1972-08-08,False,PROBATION,GENERAL,MEDIUM,US_ID,H.J. Heinz Company,2019-03-19,2020-10-20,MALE,2020-10-20
ABQ,127,"{""given_names"": ""WYLMA"", ""surname"": ""LI"", ""middle_names"": ""CRIS""}","42 FAIRHAVEN COMMONS WAY, FAIRHAVEN MA 2719",1991-08-19,False,PROBATION,GENERAL,MINIMUM,US_ID,Danaher Corporation,2020-08-17,2019-08-17,MALE,2019-08-17
ABQ,128,"{""given_names"": ""BRIDGET"", ""surname"": ""NOVAK"", ""middle_names"": ""SARENE""}",,1968-11-26,False,PROBATION,GENERAL,MINIMUM,US_ID,Ford Motor,2019-08-28,2019-06-05,MALE,2019-06-05
ABQ,129,"{""given_names"": ""BERT"", ""surname"": ""MELTON"", ""middle_names"": ""ROANA""}","7100 AARON ARONOV DRIVE, FAIRFIELD AL 35064",1979-07-05,False,PAROLE,GENERAL,MINIMUM,US_ID,Ingredion Incorporated,2019-12-24,2019-08-19,MALE,2019-08-19
SIN,130,"{""given_names"": ""ISADORA"", ""surname"": ""DONOVAN"", ""middle_names"": ""GERTIE""}",,1953-05-18,False,PAROLE,GENERAL,MEDIUM,US_ID,AmerisourceBergen,2019-04-23,2019-09-17,MALE,2019-09-17
ABQ,131,"{""given_names"": ""PERIA"", ""surname"": ""HUANG"", ""middle_names"": ""ZARLA""}",,1987-03-28,False,PROBATION,GENERAL,MINIMUM,US_ID,The Southern Company,2020-02-08,2019-08-09,MALE,2019-08-09
SIN,132,"{""given_names"": ""MARCY"", ""surname"": ""HATFIELD"", ""middle_names"": ""TOBYE""}",,1990-08-05,False,PROBATION,GENERAL,MINIMUM,US_ID,"Johnson Controls, Inc.",2019-12-27,2020-10-03,MALE,2020-10-03
SIN,133,"{""given_names"": ""ALMETA"", ""surname"": ""OWENS"", ""middle_names"": ""JACKLYN""}",,1979-06-24,False,PROBATION,GENERAL,MEDIUM,US_ID,Viacom Inc.,2020-04-11,2020-10-10,MALE,2020-10-10
SIN,134,"{""given_names"": ""LANNI"", ""surname"": ""DALY"", ""middle_names"": ""LARISSA""}",,1991-10-08,False,PROBATION,GENERAL,DIVERSION,US_ID,Aetna Inc.,2019-09-06,2020-07-08,MALE,2020-07-08
ABQ,135,"{""given_names"": ""DOMENIGA"", ""surname"": ""WHITNEY"", ""middle_names"": ""BILI""}","540 WEST BYPASS, ANDALUSIA AL 36420",1991-06-10,False,PROBATION,GENERAL,MINIMUM,US_ID,INTL FCStone Inc.,2020-12-14,2020-06-09,MALE,2020-06-09
ABQ,136,"{""given_names"": ""LINDSEY"", ""surname"": ""DUNLAP"", ""middle_names"": ""U""}","990 ROUTE 5 20, GENEVA NY 14456",1989-10-04,False,PROBATION,GENERAL,MINIMUM,US_ID,"Rockwell Automation, Inc.",2019-12-18,2020-06-28,MALE,2020-06-28
SIN,137,"{""given_names"": ""FLORENCE"", ""surname"": ""GUTIERREZ"", ""middle_names"": ""J""}",,1993-09-22,False,PROBATION,DRUG_COURT,MINIMUM,US_ID,Norfolk Southern Corporation,2020-09-21,2019-10-26,MALE,2019-10-26
ABQ,138,"{""given_names"": ""PEPI"", ""surname"": ""BAKER"", ""middle_names"": ""KACEY""}","15445 HIGHWAY 24, MOULTON AL 35650",1981-11-02,False,PROBATION,GENERAL,HIGH,US_ID,Baker Hughes Incorporated,2020-11-28,2020-08-23,MALE,2020-08-23
SIN,139,"{""given_names"": ""GEORGEANNE"", ""surname"": ""MCFADDEN"", ""middle_names"": ""DAPHNA""}",,1984-08-18,False,PROBATION,GENERAL,MINIMUM,US_ID,Starbucks Corporation,2019-09-20,2019-08-23,MALE,2019-08-23
ABQ,140,"{""given_names"": ""ANDREE"", ""surname"": ""JUAREZ"", ""middle_names"": ""LEXY""}",,1994-01-27,False,PROBATION,GENERAL,MEDIUM,US_ID,Massachusetts Mutual Life Insurance Company,2019-07-23,2020-02-07,MALE,2020-02-07
ABQ,141,"{""given_names"": ""DORICE"", ""surname"": ""MASON"", ""middle_names"": ""JAQUELYN""}",,1972-12-13,False,DUAL,GENERAL,MINIMUM,US_ID,Hewlett-Packard,2020-01-02,2020-02-14,MALE,2020-02-14
SIN,142,"{""given_names"": ""BRITTE"", ""surname"": ""BARTLETT"", ""middle_names"": ""BAB""}",,1982-07-26,False,PAROLE,GENERAL,MEDIUM,US_ID,Terex Corporation,2020-11-15,2019-10-02,MALE,2019-10-02
ABQ,143,"{""given_names"": ""JULIETA"", ""surname"": ""CHARLES"", ""middle_names"": ""BRIANNE""}","1365 BOSTON POST ROAD, MILFORD CT 6460",1991-04-25,False,PROBATION,GENERAL,MINIMUM,US_ID,UnitedHealth Group,2020-08-04,2019-01-03,MALE,2019-01-03
ABQ,144,"{""given_names"": ""GIULIETTA"", ""surname"": ""BYERS"", ""middle_names"": ""ANSTICE""}",,1981-12-05,False,PAROLE,GENERAL,HIGH,US_ID,PBF Energy Inc.,2019-01-07,2020-06-17,MALE,2020-06-17
SIN,145,"{""given_names"": ""WILLABELLA"", ""surname"": ""MATHIS"", ""middle_names"": ""RUTHANNE""}","1706 MILITARY STREET SOUTH, HAMILTON AL 35570",1965-12-22,False,PAROLE,GENERAL,MEDIUM,US_ID,"Noble Energy, Inc.",2019-09-06,2020-10-21,MALE,2020-10-21
ABQ,146,"{""given_names"": ""TATUM"", ""surname"": ""WEISS""}",,1970-01-13,False,PROBATION,GENERAL,MINIMUM,US_ID,H.J. Heinz Company,2019-01-25,2020-05-04,MALE,2020-05-04
SIN,147,"{""given_names"": ""EVELINA"", ""surname"": ""GUTHRIE"", ""middle_names"": ""BRUNHILDE""}",,1963-01-22,False,PAROLE,GENERAL,MINIMUM,US_ID,"Motorola Solutions, Inc.",2020-02-17,2019-01-20,MALE,2019-01-20
SIN,148,"{""given_names"": ""LOTTA"", ""surname"": ""STEPHENS"", ""middle_names"": ""MONIQUE""}",,1991-03-18,False,PROBATION,GENERAL,MEDIUM,US_ID,"AutoNation, Inc.",2019-06-16,2019-05-12,MALE,2019-05-12
ABQ,149,"{""given_names"": ""ROSA"", ""surname"": ""CUNNINGHAM"", ""middle_names"": ""DARICE""}",,1981-03-01,False,PROBATION,GENERAL,HIGH,US_ID,Dover Corporation,2020-09-24,2020-03-06,MALE,2020-03-06
SIN,150,"{""given_names"": ""DORIE"", ""surname"": ""HOOD"", ""middle_names"": ""Q""}",,1997-01-20,False,PAROLE,GENERAL,MEDIUM,US_ID,"Dollar Tree, Inc.",2020-09-19,2019-08-22,MALE,2019-08-22
ABQ,151,"{""given_names"": ""SELESTINA"", ""surname"": ""CURTIS""}",,1969-04-23,False,PROBATION,DRUG_COURT,HIGH,US_ID,"American Electric Power Company, Inc.",2019-08-20,2020-08-23,MALE,2020-08-23
ABQ,152,"{""given_names"": ""BUNNI"", ""surname"": ""FULTON"", ""middle_names"": ""EDIVA""}","1365 BOSTON POST ROAD, MILFORD CT 6460",1991-10-05,False,PAROLE,GENERAL,MINIMUM,US_ID,"Dominion Resources, Inc.",2019-08-15,2019-07-14,MALE,2019-07-14
SIN,153,"{""given_names"": ""INGA"", ""surname"": ""CRUZ"", ""middle_names"": ""ERNESTINE""}",,1965-11-17,False,PROBATION,GENERAL,MINIMUM,US_ID,Rock-Tenn Company,2020-05-24,2019-07-09,MALE,2019-07-09
ABQ,154,"{""given_names"": ""HEIDIE"", ""surname"": ""COFFEY"", ""middle_names"": ""Y""}",,1995-07-04,False,PROBATION,GENERAL,DIVERSION,US_ID,"D.R. Horton, Inc.",2020-03-08,2020-04-21,MALE,2020-04-21
SIN,155,"{""given_names"": ""LORI"", ""surname"": ""CHURCH"", ""middle_names"": ""IDALINE""}","288 LARKIN, MONROE NY 10950",1991-06-06,False,PROBATION,GENERAL,MINIMUM,US_ID,"Hertz Global Holdings, Inc.",2020-04-18,2019-12-13,MALE,2019-12-13
SIN,156,"{""given_names"": ""GINELLE"", ""surname"": ""HUBBARD"", ""middle_names"": ""A""}","901 ROUTE 110, FARMINGDALE NY 11735",1976-10-24,False,PROBATION,GENERAL,MINIMUM,US_ID,"Franklin Resources, Inc.",2020-12-16,2019-08-07,MALE,2019-08-07
ABQ,157,"{""given_names"": ""ALEXANDRINA"", ""surname"": ""GOMEZ"", ""middle_names"": ""MIGNON""}","750 MIDDLE COUNTRY ROAD, MIDDLE ISLAND NY 11953",1992-12-22,False,PROBATION,GENERAL,MEDIUM,US_ID,"Owens-Illinois, Inc.",2020-02-03,2019-01-04,MALE,2019-01-04
ABQ,158,"{""given_names"": ""ALEEN"", ""surname"": ""CALDWELL"", ""middle_names"": ""V""}",,1971-07-26,False,PROBATION,GENERAL,MINIMUM,US_ID,Thermo Fisher Scientific Inc.,2019-06-21,2020-03-07,MALE,2020-03-07
ABQ,159,"{""given_names"": ""RYANN"", ""surname"": ""HUMPHREY"", ""middle_names"": ""VITA""}",,1993-09-15,False,PROBATION,GENERAL,MINIMUM,US_ID,"Marriott International, Inc.",2019-06-14,2019-02-19,MALE,2019-02-19
SIN,160,"{""given_names"": ""KRISTEL"", ""surname"": ""WYATT"", ""middle_names"": ""EDI""}","3186 HWY 171 NORTH, FAYETTE AL 35555",1985-08-09,False,PROBATION,GENERAL,MEDIUM,US_ID,General Cable Corporation,2019-10-21,2020-11-03,MALE,2020-11-03
SIN,161,"{""given_names"": ""BRIDGET"", ""surname"": ""AYALA"", ""middle_names"": ""CORDIE""}",,1979-03-14,False,PROBATION,GENERAL,MINIMUM,US_ID,"Mohawk Industries, Inc.",2020-09-28,2019-12-06,MALE,2019-12-06
SIN,162,"{""given_names"": ""POPPY"", ""surname"": ""REYES"", ""middle_names"": ""JOSEFINA""}",,2000-09-07,False,PROBATION,GENERAL,MINIMUM,US_ID,"The Andersons, Inc.",2019-10-15,2020-05-12,MALE,2020-05-12
ABQ,163,"{""given_names"": ""CLAUDETTE"", ""surname"": ""GONZALEZ"", ""middle_names"": ""SABRINA""}",,1995-11-27,False,PROBATION,GENERAL,HIGH,US_ID,R.R. Donnelley & Sons Company,2019-11-12,2019-04-26,MALE,2019-04-26
SIN,164,"{""given_names"": ""MINNIE"", ""surname"": ""VILLARREAL"", ""middle_names"": ""CHERILYN""}",,1991-09-01,False,DUAL,GENERAL,MINIMUM,US_ID,Dover Corporation,2019-11-24,2020-01-06,MALE,2020-01-06
SIN,165,"{""given_names"": ""BERNELLE"", ""surname"": ""MADDOX"", ""middle_names"": ""LILIANE""}",,1983-10-05,False,PAROLE,GENERAL,MINIMUM,US_ID,"Dollar Tree, Inc.",2019-04-03,2020-06-20,MALE,2020-06-20
SIN,166,"{""given_names"": ""JESSIKA"", ""surname"": ""LEONARD"", ""middle_names"": ""DINNIE""}","3801 EASTERN BLVD, MONTGOMERY AL 36116",1984-05-07,False,PROBATION,GENERAL,HIGH,US_ID,Leucadia National Corporation,2020-04-23,2020-06-18,MALE,2020-06-18
ABQ,167,"{""given_names"": ""MOLL"", ""surname"": ""HANSON"", ""middle_names"": ""COLEEN""}","2780 JOHN HAWKINS PKWY, HOOVER AL 35244",1993-05-02,False,PROBATION,GENERAL,HIGH,US_ID,General Motors,2020-05-28,2019-05-25,MALE,2019-05-25
ABQ,168,"{""given_names"": ""SALOMA"", ""surname"": ""FINLEY"", ""middle_names"": ""ALBERTINA""}",,1983-05-12,False,PROBATION,GENERAL,MEDIUM,US_ID,"Airgas, Inc.",2019-12-06,2020-12-11,MALE,2020-12-11
SIN,169,"{""given_names"": ""ELAINA"", ""surname"": ""NOVAK"", ""middle_names"": ""JOELL""}",,1989-02-06,False,PAROLE,GENERAL,MEDIUM,US_ID,"L Brands, Inc.",2019-07-10,2019-06-23,MALE,2019-06-23
ABQ,170,"{""given_names"": ""JILLIAN"", ""surname"": ""KAISER"", ""middle_names"": ""HERMINA""}",,1996-10-09,False,PROBATION,GENERAL,MINIMUM,US_ID,Berkshire Hathaway,2020-09-18,2019-05-24,MALE,2019-05-24
SIN,171,"{""given_names"": ""KAYLYN"", ""surname"": ""HOOVER"", ""middle_names"": ""CALLI""}",,1998-11-13,False,PROBATION,GENERAL,MEDIUM,US_ID,Norfolk Southern Corporation,2019-08-03,2020-11-28,MALE,2020-11-28
SIN,172,"{""given_names"": ""PAMMY"", ""surname"": ""MCDONALD"", ""middle_names"": ""FAWN""}",,1989-09-02,False,PROBATION,GENERAL,HIGH,US_ID,"Ryder System, Inc.",2020-06-23,2020-03-02,MALE,2020-03-02
ABQ,173,"{""given_names"": ""KATYA"", ""surname"": ""RUBIO"", ""middle_names"": ""JANEL""}",,1999-10-28,False,PROBATION,GENERAL,MINIMUM,US_ID,"Buckeye Partners, L.P.",2020-02-14,2019-10-06,MALE,2019-10-06
ABQ,174,"{""given_names"": ""TERRA"", ""surname"": ""MCDANIEL"", ""middle_names"": ""ALMEDA""}",,1988-01-05,False,PROBATION,GENERAL,MINIMUM,US_ID,Guardian Life Ins. Co. of America,2019-08-01,2019-11-05,MALE,2019-11-05
ABQ,175,"{""given_names"": ""CHRISTIN"", ""surname"": ""SEXTON"", ""middle_names"": ""ISABEL""}",,1977-05-06,False,PROBATION,GENERAL,HIGH,US_ID,Sysco Corporation,2020-01-02,2019-03-21,MALE,2019-03-21
SIN,176,"{""given_names"": ""AMELITA"", ""surname"": ""NORMAN"", ""middle_names"": ""ALIE""}","34301 HWY 43, THOMASVILLE AL 36784",1977-02-21,False,PROBATION,GENERAL,MINIMUM,US_ID,"United Rentals, Inc.",2019-08-10,2020-05-05,MALE,2020-05-05
SIN,177,"{""given_names"": ""AMALIE"", ""surname"": ""CLARKE"", ""middle_names"": ""OLIVIE""}",,1986-06-18,False,PROBATION,DRUG_COURT,HIGH,US_ID,Susser Holdings Corporation,2020-11-17,2020-07-11,MALE,2020-07-11
ABQ,178,"{""given_names"": ""ODELINDA"", ""surname"": ""ADKINS"", ""middle_names"": ""GENEVRA""}",,1972-12-28,False,PROBATION,GENERAL,MINIMUM,US_ID,Boeing,2020-09-23,2020-08-14,MALE,2020-08-14
SIN,179,"{""given_names"": ""BOBBYE"", ""surname"": ""ZHANG"", ""middle_names"": ""AMALIA""}",,1967-07-09,False,PROBATION,GENERAL,MEDIUM,US_ID,"J.B. Hunt Transport Services, Inc.",2020-07-10,2019-01-13,MALE,2019-01-13
ABQ,180,"{""given_names"": ""IVETTE"", ""surname"": ""KELLEY""}",,1992-04-12,False,PROBATION,GENERAL,MEDIUM,US_ID,Commercial Metals Company,2020-10-05,2019-02-21,MALE,2019-02-21
SIN,181,"{""given_names"": ""SHANA"", ""surname"": ""ALI"", ""middle_names"": ""SUKI""}",,1997-12-23,False,PROBATION,GENERAL,MEDIUM,US_ID,"United Natural Foods, Inc.",2019-01-15,2019-12-01,MALE,2019-12-01
SIN,182,"{""given_names"": ""BRANDI"", ""surname"": ""BRADFORD""}","973 GILBERT FERRY ROAD SE, ATTALLA AL 35954",1988-01-19,False,PROBATION,GENERAL,HIGH,US_ID,Danaher Corporation,2020-07-09,2020-02-28,MALE,2020-02-28
ABQ,183,"{""given_names"": ""CORRENA"", ""surname"": ""PEARCE"", ""middle_names"": ""OPAL""}",,1979-03-10,False,PROBATION,DRUG_COURT,HIGH,US_ID,Visteon Corporation,2020-11-10,2020-01-16,MALE,2020-01-16
SIN,184,"{""given_names"": ""ABBYE"", ""surname"": ""MACK"", ""middle_names"": ""ADA""}",,1983-05-06,False,PROBATION,GENERAL,MINIMUM,US_ID,Leidos Holdings Inc.,2020-12-21,2020-12-19,MALE,2020-12-19
SIN,185,"{""given_names"": ""RHETA"", ""surname"": ""DUNN"", ""middle_names"": ""JO-ANNE""}",,1960-03-16,False,PAROLE,GENERAL,MINIMUM,US_ID,The Estée Lauder Companies Inc.,2019-09-19,2019-12-09,MALE,2019-12-09
ABQ,186,"{""given_names"": ""FAYINA"", ""surname"": ""GARCIA"", ""middle_names"": ""FIONNA""}","474 BOSTON POST ROAD, NORTH WINDHAM CT 6256",1985-12-17,False,PROBATION,GENERAL,MEDIUM,US_ID,MRC Global Inc.,2019-09-14,2019-04-11,MALE,2019-04-11
SIN,187,"{""given_names"": ""FLORIDA"", ""surname"": ""FRIEDMAN"", ""middle_names"": ""VALERIA""}","312 PALISADES BLVD, BIRMINGHAM AL 35209",1987-08-27,False,PROBATION,GENERAL,MEDIUM,US_ID,"Crown Holdings, Inc.",2020-10-20,2020-11-15,MALE,2020-11-15
ABQ,188,"{""given_names"": ""DANIKA"", ""surname"": ""MAYS"", ""middle_names"": ""NANI""}",,1990-09-13,False,PROBATION,GENERAL,MINIMUM,US_ID,The Progressive Corporation,2019-05-19,2019-02-06,MALE,2019-02-06
SIN,189,"{""given_names"": ""LANITA"", ""surname"": ""WATSON"", ""middle_names"": ""DYNA""}",,1979-09-16,False,PROBATION,GENERAL,MINIMUM,US_ID,Reliance Steel & Aluminum Co.,2019-08-15,2020-11-08,MALE,2020-11-08
SIN,190,"{""given_names"": ""KARA-LYNN"", ""surname"": ""NASH"", ""middle_names"": ""GERRY""}",,1993-08-09,False,PROBATION,GENERAL,HIGH,US_ID,Texas Instruments Incorporated,2020-08-23,2020-02-12,MALE,2020-02-12
ABQ,191,"{""given_names"": ""GILLIE"", ""surname"": ""MARKS"", ""middle_names"": ""OLVA""}",,1980-12-18,False,PROBATION,GENERAL,HIGH,US_ID,"AutoZone, Inc.",2019-05-16,2019-09-09,MALE,2019-09-09
ABQ,192,"{""given_names"": ""FRANCINE"", ""surname"": ""DANIEL""}",,1972-01-06,False,PROBATION,DRUG_COURT,MEDIUM,US_ID,"Nike, Inc.",2020-07-13,2019-12-12,MALE,2019-12-12
SIN,193,"{""given_names"": ""ELICIA"", ""surname"": ""MICHAEL"", ""middle_names"": ""FELICITY""}",,1992-01-18,False,PROBATION,GENERAL,MINIMUM,US_ID,Laboratory Corporation of America Holdings,2019-08-13,2020-04-21,MALE,2020-04-21
SIN,194,"{""given_names"": ""MELLISENT"", ""surname"": ""MCFADDEN"", ""middle_names"": ""MYRLENE""}",,1962-04-19,False,PROBATION,GENERAL,HIGH,US_ID,Intel Corporation,2019-09-21,2020-04-06,MALE,2020-04-06
ABQ,195,"{""given_names"": ""AUGUSTINE"", ""surname"": ""HUMPHREY"", ""middle_names"": ""JACQUETTA""}",,1990-05-21,False,PROBATION,GENERAL,HIGH,US_ID,"Mohawk Industries, Inc.",2019-09-20,2020-11-26,MALE,2020-11-26
SIN,196,"{""given_names"": ""TRISH"", ""surname"": ""ARMSTRONG"", ""middle_names"": ""VANESSA""}","92 PLAZA LANE, OXFORD AL 36203",1998-03-15,False,PROBATION,GENERAL,MINIMUM,US_ID,"Agilent Technologies, Inc.",2019-11-25,2019-09-18,MALE,2019-09-18
ABQ,197,"{""given_names"": ""MONA"", ""surname"": ""HEBERT"", ""middle_names"": ""DOLORES""}",,1991-03-06,False,PROBATION,GENERAL,MEDIUM,US_ID,Masco Corporation,2019-11-16,2019-04-16,MALE,2019-04-16
SIN,198,"{""given_names"": ""NANCEY"", ""surname"": ""HOLMES"", ""middle_names"": ""SUKEY""}",,1972-11-03,False,PROBATION,GENERAL,MINIMUM,US_ID,Baker Hughes Incorporated,2020-07-10,2019-09-24,MALE,2019-09-24
SIN,199,"{""given_names"": ""WHITNEY"", ""surname"": ""VELEZ"", ""middle_names"": ""SELINE""}",,1969-06-12,False,PAROLE,GENERAL,HIGH,US_ID,"FMC Technologies, Inc.",2019-04-23,2019-11-27,MALE,2019-11-27
ABQ,200,"{""given_names"": ""JULIANE"", ""surname"": ""ROLLINS"", ""middle_names"": ""JOSI""}",,1992-03-25,False,PROBATION,GENERAL,MINIMUM,US_ID,CSX Corporation,2019-08-14,2020-08-13,MALE,2020-08-13
SIN,201,"{""given_names"": ""WILLOW"", ""surname"": ""KHAN"", ""middle_names"": ""KAMILAH""}",,1980-07-01,False,PAROLE,DRUG_COURT,MINIMUM,US_ID,Liberty Interactive Corporation,2020-04-03,2019-12-19,MALE,2019-12-19
SIN,202,"{""given_names"": ""DOROTHY"", ""surname"": ""CABRERA"", ""middle_names"": ""ERNA""}",,1962-01-07,False,PROBATION,GENERAL,HIGH,US_ID,Harris Corporation,2020-04-23,2019-01-13,MALE,2019-01-13
SIN,203,"{""given_names"": ""ORALLE"", ""surname"": ""ATKINS"", ""middle_names"": ""CHARLEEN""}","100 CHARLTON ROAD, STURBRIDGE MA 1566",1953-09-11,False,PROBATION,GENERAL,MINIMUM,US_ID,"St. Jude Medical, Inc.",2020-10-24,2019-09-24,MALE,2019-09-24
SIN,204,"{""given_names"": ""LYNEA"", ""surname"": ""MACIAS"", ""middle_names"": ""MARINNA""}",,1984-03-07,False,PROBATION,GENERAL,MEDIUM,US_ID,Dollar General Corporation,2019-02-07,2020-02-15,MALE,2020-02-15
SIN,205,"{""given_names"": ""POPPY"", ""surname"": ""COWAN"", ""middle_names"": ""CORNIE""}","555 EAST MAIN ST, ORANGE MA 1364",1997-05-20,False,PROBATION,GENERAL,MEDIUM,US_ID,"Casey’s General Stores, Inc.",2020-12-12,2020-05-15,MALE,2020-05-15
ABQ,206,"{""given_names"": ""CHRYSTAL"", ""surname"": ""COOK""}","5399 W GENESSE ST, CAMILLUS NY 13031",1963-03-01,False,PAROLE,DRUG_COURT,MEDIUM,US_ID,"Johnson Controls, Inc.",2020-10-07,2020-07-13,MALE,2020-07-13
SIN,207,"{""given_names"": ""EDITA"", ""surname"": ""MADDOX"", ""middle_names"": ""HANNY""}",,1996-08-28,False,PROBATION,GENERAL,MEDIUM,US_ID,Hewlett-Packard,2020-11-11,2020-08-08,MALE,2020-08-08
SIN,208,"{""given_names"": ""CHERI"", ""surname"": ""MAYNARD"", ""middle_names"": ""HELAINA""}",,1962-05-18,False,PROBATION,GENERAL,HIGH,US_ID,Jarden Corporation,2020-02-01,2020-07-20,MALE,2020-07-20
ABQ,209,"{""given_names"": ""MOYRA"", ""surname"": ""PATTON"", ""middle_names"": ""SHANDEIGH""}",,1974-07-10,False,PROBATION,GENERAL,MINIMUM,US_ID,"Fidelity National Financial, Inc.",2020-10-12,2020-08-18,MALE,2020-08-18
SIN,210,"{""given_names"": ""KORNEY"", ""surname"": ""HOWARD"", ""middle_names"": ""U""}","474 BOSTON POST ROAD, NORTH WINDHAM CT 6256",1987-07-28,False,PROBATION,GENERAL,MINIMUM,US_ID,"J.B. Hunt Transport Services, Inc.",2019-11-12,2019-04-26,MALE,2019-04-26
ABQ,211,"{""given_names"": ""TONI"", ""surname"": ""DENNIS"", ""middle_names"": ""MIMI""}",,1967-01-21,False,PROBATION,DRUG_COURT,MEDIUM,US_ID,"Air Products & Chemicals, Inc.",2020-01-05,2019-12-28,MALE,2019-12-28
ABQ,212,"{""given_names"": ""GERALDINE"", ""surname"": ""GREENE"", ""middle_names"": ""CLOTILDA""}",,1999-02-05,False,PROBATION,GENERAL,HIGH,US_ID,Synnex Corporation,2020-01-11,2020-10-02,MALE,2020-10-02
ABQ,213,"{""given_names"": ""TRACY"", ""surname"": ""HOLT"", ""middle_names"": ""DOTTIE""}","591 MEMORIAL DR, CHICOPEE MA 1020",1960-05-07,False,PROBATION,GENERAL,MINIMUM,US_ID,E.I. du Pont de Nemours and Company,2019-10-12,2020-04-16,MALE,2020-04-16
ABQ,214,"{""given_names"": ""KERRIN"", ""surname"": ""VANCE"", ""middle_names"": ""Y""}",,1963-07-13,False,PROBATION,GENERAL,MINIMUM,US_ID,Mylan Inc.,2020-07-28,2020-04-07,MALE,2020-04-07
ABQ,215,"{""given_names"": ""SHANTA"", ""surname"": ""WONG"", ""middle_names"": ""NANCE""}",,1965-03-10,False,PROBATION,GENERAL,MEDIUM,US_ID,"Foot Locker, Inc.",2019-01-05,2020-02-24,MALE,2020-02-24
SIN,216,"{""given_names"": ""KRISTI"", ""surname"": ""ALLEN"", ""middle_names"": ""NADIYA""}","1420 US 231 SOUTH, TROY AL 36081",1989-12-27,False,PAROLE,GENERAL,MEDIUM,US_ID,Spectra Energy Corp,2020-08-22,2019-11-18,MALE,2019-11-18
ABQ,217,"{""given_names"": ""MOLLI"", ""surname"": ""DILLARD"", ""middle_names"": ""MARIANA""}","2 GANNETT DR, JOHNSON CITY NY 13790",1993-12-16,False,PAROLE,GENERAL,MINIMUM,US_ID,Occidental Petroleum Corporation,2019-12-28,2019-04-04,MALE,2019-04-04
SIN,218,"{""given_names"": ""NICOL"", ""surname"": ""FROST""}","150 GOLD STAR HWY, GROTON CT 6340",1990-08-02,False,PROBATION,GENERAL,MEDIUM,US_ID,"Alaska Air Group, Inc.",2019-11-25,2020-05-24,MALE,2020-05-24
ABQ,219,"{""given_names"": ""SHERIE"", ""surname"": ""WILKINSON"", ""middle_names"": ""VINNI""}",,1977-12-11,False,PAROLE,GENERAL,HIGH,US_ID,"Land O’Lakes, Inc.",2019-03-26,2020-04-19,MALE,2020-04-19
SIN,220,"{""given_names"": ""SONDRA"", ""surname"": ""STANTON"", ""middle_names"": ""GEORGE""}",,2000-12-19,False,PROBATION,GENERAL,MINIMUM,US_ID,"Plains GP Holdings, L.P.",2019-03-12,2020-04-19,MALE,2020-04-19
ABQ,221,"{""given_names"": ""JESSAMYN"", ""surname"": ""CARROLL"", ""middle_names"": ""BLINNIE""}",,1985-04-09,False,PROBATION,DRUG_COURT,MEDIUM,US_ID,General Motors,2020-06-01,2020-10-10,MALE,2020-10-10
ABQ,222,"{""given_names"": ""NATASHA"", ""surname"": ""SILVA"", ""middle_names"": ""A""}",,1980-01-18,False,PROBATION,GENERAL,MINIMUM,US_ID,"Alaska Air Group, Inc.",2020-08-26,2019-04-01,MALE,2019-04-01
ABQ,223,"{""given_names"": ""FREDDY"", ""surname"": ""HARRELL"", ""middle_names"": ""TANITANSY""}","233 5TH AVE EXT, JOHNSTOWN NY 12095",1984-06-20,False,PROBATION,GENERAL,MEDIUM,US_ID,Liberty Interactive Corporation,2020-10-02,2019-10-09,MALE,2019-10-09
ABQ,224,"{""given_names"": ""QUINN"", ""surname"": ""KNOX"", ""middle_names"": ""CHANDRA""}",,1994-07-16,False,PROBATION,GENERAL,MINIMUM,US_ID,United Stationers Inc.,2020-01-07,2020-03-07,MALE,2020-03-07
ABQ,225,"{""given_names"": ""VANYA"", ""surname"": ""GALLAGHER"", ""middle_names"": ""I""}",,1981-11-14,False,PROBATION,DRUG_COURT,DIVERSION,US_ID,J.P. Morgan Chase & Co.,2019-01-15,2019-04-10,MALE,2019-04-10
ABQ,226,"{""given_names"": ""JUDIE"", ""surname"": ""AGUILAR"", ""middle_names"": ""AG""}",,1966-11-19,False,PAROLE,GENERAL,HIGH,US_ID,General Cable Corporation,2020-05-27,2019-08-07,MALE,2019-08-07
SIN,227,"{""given_names"": ""KARLENE"", ""surname"": ""RAMIREZ"", ""middle_names"": ""L""}",,1990-12-20,False,PROBATION,GENERAL,HIGH,US_ID,Mylan Inc.,2019-09-09,2020-06-02,MALE,2020-06-02
ABQ,228,"{""given_names"": ""EVIE"", ""surname"": ""SOLIS"", ""middle_names"": ""SALLI""}",,1998-07-27,False,PAROLE,GENERAL,HIGH,US_ID,Bed Bath & Beyond Inc.,2020-01-22,2019-09-13,MALE,2019-09-13
ABQ,229,"{""given_names"": ""COLENE"", ""surname"": ""BRADLEY"", ""middle_names"": ""D""}","5783 SO TRANSIT ROAD, LOCKPORT NY 14094",1988-05-12,False,PROBATION,GENERAL,HIGH,US_ID,"EOG Resources, Inc.",2020-11-13,2020-09-07,MALE,2020-09-07
ABQ,230,"{""given_names"": ""YOLANDE"", ""surname"": ""POWELL"", ""middle_names"": ""JACINTHE""}","8551 WHITFIELD AVE, LEEDS AL 35094",1995-04-13,False,PROBATION,GENERAL,MINIMUM,US_ID,Cablevision Systems Corporation,2019-10-11,2020-06-10,MALE,2020-06-10
ABQ,231,"{""given_names"": ""KALINDI"", ""surname"": ""BISHOP"", ""middle_names"": ""YNEZ""}",,1986-12-10,False,PROBATION,GENERAL,MINIMUM,US_ID,Aramark Holdings Corporation,2019-03-08,2020-03-02,MALE,2020-03-02
ABQ,232,"{""given_names"": ""KIMBERLY"", ""surname"": ""WELCH"", ""middle_names"": ""N""}",,1990-07-28,False,PROBATION,GENERAL,MEDIUM,US_ID,"W.W. Grainger, Inc.",2020-06-01,2020-07-09,MALE,2020-07-09
SIN,233,"{""given_names"": ""EOLANDE"", ""surname"": ""LONG"", ""middle_names"": ""MOLL""}",,1986-01-26,False,PAROLE,GENERAL,MINIMUM,US_ID,Peabody Energy Corporation,2020-08-10,2020-11-25,MALE,2020-11-25
ABQ,234,"{""given_names"": ""CELE"", ""surname"": ""GUERRA"", ""middle_names"": ""F""}",,2000-03-03,False,PROBATION,GENERAL,MEDIUM,US_ID,UGI Corporation,2019-05-20,2020-12-13,MALE,2020-12-13
SIN,235,"{""given_names"": ""MITZI"", ""surname"": ""BEARD"", ""middle_names"": ""Z""}",,1985-08-08,False,DUAL,GENERAL,HIGH,US_ID,"Advanced Micro Devices, Inc.",2020-07-06,2019-11-10,MALE,2019-11-10
ABQ,236,"{""given_names"": ""GLADYS"", ""surname"": ""HINTON"", ""middle_names"": ""LILY""}",,1991-02-12,False,PROBATION,GENERAL,MINIMUM,US_ID,McKesson,2019-04-18,2020-01-22,MALE,2020-01-22
SIN,237,"{""given_names"": ""TAFFY"", ""surname"": ""CAMPBELL"", ""middle_names"": ""PAIGE""}",,1980-03-14,False,PROBATION,GENERAL,MINIMUM,US_ID,"Omnicare, Inc.",2020-05-28,2020-10-24,MALE,2020-10-24
ABQ,238,"{""given_names"": ""ANGIL"", ""surname"": ""GOODMAN"", ""middle_names"": ""ROANA""}",,1962-05-26,False,PROBATION,GENERAL,MEDIUM,US_ID,Illinois Tool Works Inc.,2019-01-04,2019-07-12,MALE,2019-07-12
SIN,239,"{""given_names"": ""VALLIE"", ""surname"": ""FERGUSON"", ""middle_names"": ""TRESCHA""}",,1976-04-23,False,PAROLE,GENERAL,MINIMUM,US_ID,"Kelly Services, Inc.",2019-11-20,2020-02-21,MALE,2020-02-21
SIN,240,"{""given_names"": ""ANGELA"", ""surname"": ""RICHARDSON"", ""middle_names"": ""GAYLE""}",,1989-09-22,False,PROBATION,GENERAL,MINIMUM,US_ID,"Micron Technology, Inc.",2019-02-01,2019-10-08,MALE,2019-10-08
SIN,241,"{""given_names"": ""GIANNA"", ""surname"": ""WAGNER"", ""middle_names"": ""NADY""}",,1966-03-19,False,PROBATION,GENERAL,DIVERSION,US_ID,Abbott Laboratories,2020-07-07,2019-09-20,MALE,2019-09-20
SIN,242,"{""given_names"": ""SORCHA"", ""surname"": ""RAYMOND"", ""middle_names"": ""GISELA""}",,1995-08-21,False,PROBATION,GENERAL,MEDIUM,US_ID,Cognizant Technology Solutions Corporation,2019-09-02,2019-09-05,MALE,2019-09-05
SIN,243,"{""given_names"": ""JOYE"", ""surname"": ""SCHROEDER"", ""middle_names"": ""Z""}",,1992-04-07,False,PROBATION,GENERAL,HIGH,US_ID,Avery Dennison Corporation,2019-02-28,2019-10-25,MALE,2019-10-25
SIN,244,"{""given_names"": ""CHARLA"", ""surname"": ""TURNER"", ""middle_names"": ""BIBBIE""}","135 FAIRGROUNDS MEMORIAL PKWY, ITHACA NY 14850",1968-03-14,False,PROBATION,GENERAL,MINIMUM,US_ID,"L Brands, Inc.",2019-06-08,2019-01-08,MALE,2019-01-08
ABQ,245,"{""given_names"": ""BRUNHILDE"", ""surname"": ""MATHEWS"", ""middle_names"": ""G""}",,1990-03-28,False,PROBATION,GENERAL,HIGH,US_ID,Auto-Owners Insurance Group,2020-05-08,2020-11-23,MALE,2020-11-23
SIN,246,"{""given_names"": ""LANETTE"", ""surname"": ""SOLIS"", ""middle_names"": ""DEENA""}",,1987-03-10,False,PAROLE,GENERAL,HIGH,US_ID,NCR Corporation,2019-04-08,2020-05-08,MALE,2020-05-08
ABQ,247,"{""given_names"": ""DALE"", ""surname"": ""HAHN"", ""middle_names"": ""URSA""}",,1997-10-26,False,PROBATION,GENERAL,MINIMUM,US_ID,Comcast,2019-12-07,2019-09-09,MALE,2019-09-09
ABQ,248,"{""given_names"": ""DORALIA"", ""surname"": ""BAKER"", ""middle_names"": ""GEORGIANNA""}",,1977-10-11,False,PROBATION,GENERAL,MEDIUM,US_ID,FedEx Corporation,2019-05-09,2020-11-11,MALE,2020-11-11
SIN,249,"{""given_names"": ""GLYNNIS"", ""surname"": ""MCDONALD"", ""middle_names"": ""TILDI""}",,1993-11-05,False,PAROLE,GENERAL,MINIMUM,US_ID,Enterprise Products Partners L.P.,2019-05-27,2020-03-19,MALE,2020-03-19
SIN,250,"{""given_names"": ""MILKA"", ""surname"": ""SUTTON"", ""middle_names"": ""FELICLE""}",,1983-10-19,False,PROBATION,GENERAL,HIGH,US_ID,Procter & Gamble,2019-01-02,2019-12-02,MALE,2019-12-02
ABQ,251,"{""given_names"": ""SHARONA"", ""surname"": ""POLLARD""}",,1983-07-06,False,PAROLE,GENERAL,MEDIUM,US_ID,"Dr Pepper Snapple Group, Inc.",2020-10-16,2019-02-05,MALE,2019-02-05
SIN,252,"{""given_names"": ""DANI"", ""surname"": ""SHEA"", ""middle_names"": ""OLIA""}",,1987-02-26,False,PROBATION,GENERAL,MINIMUM,US_ID,Colgate-Palmolive Company,2020-12-13,2020-06-20,MALE,2020-06-20
SIN,253,"{""given_names"": ""BENEDICTA"", ""surname"": ""CHARLES"", ""middle_names"": ""ARLUENE""}",,1986-05-17,False,PROBATION,GENERAL,UNSUPERVISED,US_ID,Lowe’s Companies,2020-04-24,2019-03-07,MALE,2019-03-07
SIN,254,"{""given_names"": ""VIRGINIE"", ""surname"": ""PITTMAN""}",,1986-11-21,False,PROBATION,GENERAL,MINIMUM,US_ID,Marathon Oil Corporation,2019-01-23,2019-04-21,MALE,2019-04-21
SIN,255,"{""given_names"": ""CELINE"", ""surname"": ""SPARKS"", ""middle_names"": ""FLORE""}",,2001-04-24,False,PAROLE,GENERAL,MINIMUM,US_ID,"Jabil Circuit, Inc.",2020-06-13,2019-11-10,MALE,2019-11-10
ABQ,256,"{""given_names"": ""UTA"", ""surname"": ""HOLDER""}","1415 7TH STREET SOUTH, CLANTON AL 35045",1988-04-27,False,PAROLE,GENERAL,MINIMUM,US_ID,"Ryder System, Inc.",2019-05-09,2019-05-01,MALE,2019-05-01
ABQ,257,"{""given_names"": ""JUDITH"", ""surname"": ""MONROE"", ""middle_names"": ""MONICA""}",,1961-07-26,False,PROBATION,GENERAL,MINIMUM,US_ID,Bristol-Myers Squibb Company,2020-12-22,2019-08-26,MALE,2019-08-26
ABQ,258,"{""given_names"": ""ELSET"", ""surname"": ""POTTER"", ""middle_names"": ""AMI""}",,1960-02-28,False,PROBATION,GENERAL,MINIMUM,US_ID,LKQ Corporation,2020-03-16,2019-09-11,MALE,2019-09-11
SIN,259,"{""given_names"": ""ZILVIA"", ""surname"": ""MILLS"", ""middle_names"": ""RIANON""}",,1987-04-16,False,DUAL,GENERAL,MINIMUM,US_ID,Commercial Metals Company,2019-02-07,2020-10-08,MALE,2020-10-08
ABQ,260,"{""given_names"": ""SHEL"", ""surname"": ""STEPHENS"", ""middle_names"": ""CECILLA""}","656 NEW HAVEN AVE, DERBY CT 6418",1991-04-07,False,PROBATION,GENERAL,MINIMUM,US_ID,"Group 1 Automotive, Inc.",2020-06-10,2020-11-21,MALE,2020-11-21
SIN,261,"{""given_names"": ""MARIE-JEANNE"", ""surname"": ""GRAY"", ""middle_names"": ""KORNEY""}",,1974-08-28,False,PROBATION,GENERAL,HIGH,US_ID,"Applied Materials, Inc.",2020-09-05,2019-02-13,MALE,2019-02-13
ABQ,262,"{""given_names"": ""PERLE"", ""surname"": ""SUMMERS"", ""middle_names"": ""SHARA""}","1201 HWY 31 NW, HARTSELLE AL 35640",1977-08-24,False,PROBATION,GENERAL,MINIMUM,US_ID,DTE Energy Company,2019-09-08,2019-02-10,MALE,2019-02-10
ABQ,263,"{""given_names"": ""MERNA"", ""surname"": ""MILES"", ""middle_names"": ""KAYLA""}",,1979-06-24,False,PAROLE,GENERAL,HIGH,US_ID,Las Vegas Sands Corp.,2019-11-28,2020-08-07,MALE,2020-08-07
ABQ,264,"{""given_names"": ""HEIDI"", ""surname"": ""SIMS"", ""middle_names"": ""DALIA""}",,1994-01-23,False,PROBATION,GENERAL,MEDIUM,US_ID,Precision Castparts Corp.,2019-08-26,2020-04-20,MALE,2020-04-20
ABQ,265,"{""given_names"": ""SABINA"", ""surname"": ""FOWLER"", ""middle_names"": ""KIELE""}",,1985-11-27,False,PROBATION,GENERAL,MEDIUM,US_ID,Kellogg Company,2019-12-17,2019-04-28,MALE,2019-04-28
SIN,266,"{""given_names"": ""AMALEE"", ""surname"": ""MOODY"", ""middle_names"": ""MARJY""}",,1988-02-24,False,PAROLE,GENERAL,DIVERSION,US_ID,AmerisourceBergen,2019-01-08,2019-04-21,MALE,2019-04-21
ABQ,267,"{""given_names"": ""CARLY"", ""surname"": ""JORDAN"", ""middle_names"": ""ILSA""}",,1977-10-03,False,PROBATION,GENERAL,HIGH,US_ID,"Steel Dynamics, Inc.",2019-11-20,2019-04-21,MALE,2019-04-21
SIN,268,"{""given_names"": ""MARYJANE"", ""surname"": ""WEBSTER""}",,1978-09-27,False,PROBATION,GENERAL,HIGH,US_ID,Danaher Corporation,2020-05-27,2019-08-18,MALE,2019-08-18
ABQ,269,"{""given_names"": ""KASSANDRA"", ""surname"": ""BELTRAN"", ""middle_names"": ""JAMIMA""}",,1960-07-27,False,PROBATION,GENERAL,HIGH,US_ID,Reynolds American Inc.,2019-12-17,2019-12-15,MALE,2019-12-15
SIN,270,"{""given_names"": ""KELCEY"", ""surname"": ""ROBINSON"", ""middle_names"": ""VERE""}",,1993-08-17,False,PAROLE,DRUG_COURT,MEDIUM,US_ID,"Genworth Financial, Inc.",2020-03-13,2020-11-22,MALE,2020-11-22
SIN,271,"{""given_names"": ""GERALDINE"", ""surname"": ""PHAM"", ""middle_names"": ""ROXANE""}",,1985-11-11,False,PAROLE,DRUG_COURT,HIGH,US_ID,Qualcomm Incorporated,2020-10-26,2019-03-07,MALE,2019-03-07
ABQ,272,"{""given_names"": ""CARO"", ""surname"": ""LEE"", ""middle_names"": ""Z""}",,1982-07-20,False,PROBATION,GENERAL,MEDIUM,US_ID,First Data Corporation,2019-12-09,2019-10-17,MALE,2019-10-17
SIN,273,"{""given_names"": ""MARYLEE"", ""surname"": ""ADAMS"", ""middle_names"": ""R""}","2400 ROUTE 9, FISHKILL NY 12524",1988-12-27,False,PROBATION,GENERAL,MEDIUM,US_ID,"WellCare Health Plans, Inc.",2019-02-24,2020-01-06,MALE,2020-01-06
ABQ,274,"{""given_names"": ""GRIER"", ""surname"": ""RAMSEY"", ""middle_names"": ""CHRISTABEL""}","901 ROUTE 110, FARMINGDALE NY 11735",1996-11-11,False,PROBATION,GENERAL,MINIMUM,US_ID,The AES Corporation,2019-12-03,2020-04-02,MALE,2020-04-02
SIN,275,"{""given_names"": ""TIFFANIE"", ""surname"": ""LEONARD"", ""middle_names"": ""AUSTINA""}",,1990-07-05,False,PAROLE,GENERAL,MINIMUM,US_ID,"Medtronic, Inc.",2019-05-16,2019-06-26,MALE,2019-06-26
SIN,276,"{""given_names"": ""NANINE"", ""surname"": ""SIMPSON"", ""middle_names"": ""AILA""}",,1963-07-16,False,PROBATION,GENERAL,MEDIUM,US_ID,"Ross Stores, Inc.",2020-02-22,2019-06-01,MALE,2019-06-01
SIN,277,"{""given_names"": ""ILSA"", ""surname"": ""CRAFT"", ""middle_names"": ""DORIA""}",,1974-07-14,False,PROBATION,GENERAL,MEDIUM,US_ID,Sears Holdings Corporation,2019-07-20,2019-03-24,MALE,2019-03-24
SIN,278,"{""given_names"": ""MADELLE"", ""surname"": ""CAMACHO"", ""middle_names"": ""BEA""}",,1993-04-23,False,PROBATION,GENERAL,MEDIUM,US_ID,"Kinder Morgan, Inc.",2019-05-19,2020-12-01,MALE,2020-12-01
ABQ,279,"{""given_names"": ""SHARAI"", ""surname"": ""DUDLEY"", ""middle_names"": ""FIANNA""}",,1953-07-16,False,PAROLE,GENERAL,HIGH,US_ID,Ecolab Inc.,2020-11-03,2019-10-28,MALE,2019-10-28
ABQ,280,"{""given_names"": ""ARLANA"", ""surname"": ""TAYLOR"", ""middle_names"": ""GOLDI""}","288 LARKIN, MONROE NY 10950",1987-07-21,False,PROBATION,GENERAL,MEDIUM,US_ID,"Twenty-First Century Fox, Inc.",2019-06-05,2019-03-01,MALE,2019-03-01
SIN,281,"{""given_names"": ""SHEILA"", ""surname"": ""ROWLAND"", ""middle_names"": ""COLLINE""}",,1981-02-13,False,PROBATION,GENERAL,MINIMUM,US_ID,Anadarko Petroleum Corporation,2019-04-28,2019-05-14,MALE,2019-05-14
SIN,282,"{""given_names"": ""MAGGIE"", ""surname"": ""GAMBLE"", ""middle_names"": ""LYNDEL""}",,1997-03-07,False,PAROLE,GENERAL,HIGH,US_ID,"Avnet, Inc.",2019-11-24,2019-12-12,MALE,2019-12-12
ABQ,283,"{""given_names"": ""CARRI"", ""surname"": ""HANSON"", ""middle_names"": ""MUREIL""}",,1988-10-14,False,PROBATION,GENERAL,MEDIUM,US_ID,"General Mills, Inc.",2019-06-25,2020-12-28,MALE,2020-12-28
ABQ,284,"{""given_names"": ""ERENA"", ""surname"": ""MEDINA"", ""middle_names"": ""Y""}","420 BUCKLAND HILLS DR, MANCHESTER CT 6040",1991-01-23,False,PAROLE,GENERAL,HIGH,US_ID,3M Company,2020-04-16,2019-04-15,MALE,2019-04-15
ABQ,285,"{""given_names"": ""ADORE"", ""surname"": ""RANGEL"", ""middle_names"": ""KATRINKA""}","1105 BOSTON ROAD, SPRINGFIELD MA 1119",1995-03-26,False,PROBATION,DRUG_COURT,MEDIUM,US_ID,"HD Supply Holdings, Inc.",2019-12-01,2019-11-19,MALE,2019-11-19
ABQ,286,"{""given_names"": ""PHILLIDA"", ""surname"": ""WHITAKER"", ""middle_names"": ""GENE""}",,1989-11-03,False,PROBATION,GENERAL,MEDIUM,US_ID,"Dr Pepper Snapple Group, Inc.",2019-10-20,2020-12-11,MALE,2020-12-11
ABQ,287,"{""given_names"": ""IANTHE"", ""surname"": ""LAWRENCE"", ""middle_names"": ""JENA""}",,2000-01-03,False,PROBATION,GENERAL,MEDIUM,US_ID,"Avon Products, Inc.",2020-04-24,2020-07-27,MALE,2020-07-27
SIN,288,"{""given_names"": ""OLLY"", ""surname"": ""KAISER"", ""middle_names"": ""ESME""}",,1984-09-06,False,PROBATION,GENERAL,HIGH,US_ID,"J.B. Hunt Transport Services, Inc.",2020-02-22,2020-08-16,MALE,2020-08-16
SIN,289,"{""given_names"": ""SHEELAGH"", ""surname"": ""RITTER"", ""middle_names"": ""LAVERNA""}",,1998-01-16,False,PROBATION,GENERAL,HIGH,US_ID,"J.B. Hunt Transport Services, Inc.",2020-03-28,2020-12-04,MALE,2020-12-04
SIN,290,"{""given_names"": ""LIVVY"", ""surname"": ""AYERS"", ""middle_names"": ""DARIA""}",,1958-10-06,False,PROBATION,GENERAL,MINIMUM,US_ID,"Sonic Automotive, Inc.",2019-03-07,2020-12-13,MALE,2020-12-13
SIN,291,"{""given_names"": ""LIVY"", ""surname"": ""MORSE"", ""middle_names"": ""S""}",,1971-02-03,False,PROBATION,GENERAL,MINIMUM,US_ID,TravelCenters of America LLC,2020-11-12,2019-06-07,MALE,2019-06-07
ABQ,292,"{""given_names"": ""MARTA"", ""surname"": ""BUCHANAN"", ""middle_names"": ""SIANA""}",,1988-08-26,False,PROBATION,GENERAL,HIGH,US_ID,CVS Caremark,2020-06-24,2019-01-17,MALE,2019-01-17
SIN,293,"{""given_names"": ""LILITH"", ""surname"": ""ZAVALA""}",,1972-09-27,False,PROBATION,GENERAL,MEDIUM,US_ID,"Reinsurance Group of America, Incorporated",2019-09-12,2020-04-15,MALE,2020-04-15
SIN,294,"{""given_names"": ""CANDIDE"", ""surname"": ""HULL"", ""middle_names"": ""WILONE""}",,1975-02-06,False,PAROLE,GENERAL,MEDIUM,US_ID,"PetSmart, Inc.",2019-06-27,2019-03-17,MALE,2019-03-17
SIN,295,"{""given_names"": ""BRENNA"", ""surname"": ""REYNOLDS"", ""middle_names"": ""KETTIE""}",,1984-05-18,False,PROBATION,GENERAL,MINIMUM,US_ID,"Land O’Lakes, Inc.",2020-10-19,2019-06-20,MALE,2019-06-20
ABQ,296,"{""given_names"": ""STACEE"", ""surname"": ""SHANNON"", ""middle_names"": ""MARCHELLE""}",,1987-01-22,False,PROBATION,GENERAL,HIGH,US_ID,Sears Holdings Corporation,2019-08-21,2020-11-02,MALE,2020-11-02
ABQ,297,"{""given_names"": ""NESSIE"", ""surname"": ""FOSTER"", ""middle_names"": ""FLORRI""}",,1994-07-14,False,PAROLE,GENERAL,MINIMUM,US_ID,"Hertz Global Holdings, Inc.",2020-01-17,2020-08-26,MALE,2020-08-26
ABQ,298,"{""given_names"": ""JACQUETTA"", ""surname"": ""RICH"", ""middle_names"": ""CINDEE""}",,1985-10-28,False,PROBATION,GENERAL,HIGH,US_ID,Kroger,2020-08-15,2020-10-27,MALE,2020-10-27
ABQ,299,"{""given_names"": ""MISTI"", ""surname"": ""SLOAN"", ""middle_names"": ""KANIA""}",,1994-08-10,False,PROBATION,GENERAL,HIGH,US_ID,Huntsman Corporation,2019-10-19,2019-11-02,MALE,2019-11-02
