,287898aa-5c9b-3dbb-8955-b5cdcba0ea29,100,US_ID,CONTACT,2021-03-18,"{""contact_type"": ""FACE_TO_FACE"", ""location"": ""SUPERVISION_OFFICE""}"
,7aa30b07-494f-3875-8f00-44a0265e39e4,100,US_ID,ASSESSMENT,2019-07-24,"{""assessment_score"": 1, ""previous_assessment_score"": 0}"
,51a0ac7e-4470-343f-ad1f-19cdd13435fd,101,US_ID,CONTACT,2021-03-02,"{""contact_type"": ""FACE_TO_FACE"", ""location"": ""RESIDENCE""}"
,f2bb20b6-9aef-3a5a-ad4d-946b2eae6636,101,US_ID,ASSESSMENT,2020-12-12,"{""assessment_score"": 2, ""previous_assessment_score"": 7}"
,a22839c8-828a-3745-bdd9-af7e75818e24,102,US_ID,CONTACT,2021-01-30,"{""contact_type"": ""FACE_TO_FACE"", ""location"": ""SUPERVISION_OFFICE""}"
,dbe00e0c-dbc9-3112-9f8b-b888eed1c45b,102,US_ID,ASSESSMENT,2019-05-11,"{""assessment_score"": 3, ""previous_assessment_score"": 1}"
,960a096f-1a29-34ee-b2e4-39cbec7c60f5,103,US_ID,CONTACT,2021-03-01,"{""contact_type"": ""FACE_TO_FACE"", ""location"": ""RESIDENCE""}"
,8384efe7-523c-3807-b622-f46416057aa3,103,US_ID,ASSESSMENT,2020-09-03,"{""assessment_score"": 4, ""previous_assessment_score"": 9}"
,16463ea1-f194-36ae-a1cf-fad8f2e761f5,104,US_ID,CONTACT,2021-03-17,"{""contact_type"": ""FACE_TO_FACE"", ""location"": ""SUPERVISION_OFFICE""}"
,d50847b1-38f8-38d4-a526-8d48f77246bf,104,US_ID,ASSESSMENT,2019-11-03,"{""assessment_score"": 5, ""previous_assessment_score"": 3}"
,f21e3dfe-d975-32a1-b54f-1f8b182a5acb,105,US_ID,CONTACT,2021-03-06,"{""contact_type"": ""FACE_TO_FACE"", ""location"": ""RESIDENCE""}"
,66359a6c-0add-3cbb-a63e-45503fec51d6,105,US_ID,ASSESSMENT,2020-09-01,"{""assessment_score"": 6, ""previous_assessment_score"": 11}"
,cf278370-13ca-35a3-94ea-a6fbc8139dc1,106,US_ID,CONTACT,2021-01-20,"{""contact_type"": ""FACE_TO_FACE"", ""location"": ""SUPERVISION_OFFICE""}"
,adfbd407-dc77-3f91-8158-e52fec5fe003,106,US_ID,ASSESSMENT,2019-10-09,"{""assessment_score"": 7, ""previous_assessment_score"": 5}"
,f315e5a4-6699-30cc-b09d-e9bc75cdfdaa,107,US_ID,CONTACT,2021-02-16,"{""contact_type"": ""FACE_TO_FACE"", ""location"": ""RESIDENCE""}"
,adf4fc2d-b1c8-3d27-aab5-3d9359f3a919,107,US_ID,ASSESSMENT,2020-11-03,"{""assessment_score"": 8, ""previous_assessment_score"": 13}"
,5c47dc25-bdc6-36f1-8841-8a91121a71f5,108,US_ID,CONTACT,2021-02-23,"{""contact_type"": ""FACE_TO_FACE"", ""location"": ""SUPERVISION_OFFICE""}"
,657809a5-3172-3aa0-80f5-3ce79907b77c,108,US_ID,ASSESSMENT,2019-02-10,"{""assessment_score"": 9, ""previous_assessment_score"": 7}"
,27ff5b8c-95e9-39fc-90a8-3b476e2c337c,109,US_ID,CONTACT,2021-02-21,"{""contact_type"": ""FACE_TO_FACE"", ""location"": ""RESIDENCE""}"
,0213d31b-fdbb-32be-9a90-84b0755eda06,109,US_ID,ASSESSMENT,2019-06-02,"{""assessment_score"": 10, ""previous_assessment_score"": 15}"
,ee506e73-be53-30df-8d06-02cb69f9a9ef,110,US_ID,CONTACT,2020-12-11,"{""contact_type"": ""FACE_TO_FACE"", ""location"": ""SUPERVISION_OFFICE""}"
,732738c3-e82b-3d3f-8f39-aea3a9379c4c,110,US_ID,ASSESSMENT,2019-10-05,"{""assessment_score"": 11, ""previous_assessment_score"": 9}"
,ae6ad2cd-3da9-3871-961d-dad4822b985e,111,US_ID,CONTACT,2021-03-14,"{""contact_type"": ""FACE_TO_FACE"", ""location"": ""RESIDENCE""}"
,5c5b4673-9b08-38ef-a3ce-2a0af05868da,111,US_ID,ASSESSMENT,2019-02-05,"{""assessment_score"": 12, ""previous_assessment_score"": 17}"
,77d381bc-394f-37f2-96ff-80dee2a7c8f9,112,US_ID,CONTACT,2021-03-21,"{""contact_type"": ""FACE_TO_FACE"", ""location"": ""SUPERVISION_OFFICE""}"
,74ea925a-40f3-3849-b6fe-54687a5d5821,112,US_ID,ASSESSMENT,2019-03-18,"{""assessment_score"": 13, ""previous_assessment_score"": 11}"
,eabc8e3b-1e75-308b-b554-b80655244e95,113,US_ID,CONTACT,2021-02-07,"{""contact_type"": ""FACE_TO_FACE"", ""location"": ""RESIDENCE""}"
,9c92606a-7d89-3e4e-a441-268be9fb5f75,113,US_ID,ASSESSMENT,2019-06-18,"{""assessment_score"": 14, ""previous_assessment_score"": 19}"
,1e250a0e-2c38-33f1-b142-4db60009d3a2,114,US_ID,CONTACT,2021-01-28,"{""contact_type"": ""FACE_TO_FACE"", ""location"": ""SUPERVISION_OFFICE""}"
,798771b0-a386-3807-a368-0b1a41659b3e,114,US_ID,ASSESSMENT,2019-12-13,"{""assessment_score"": 15, ""previous_assessment_score"": 13}"
,99182888-021f-3b5f-80a9-7ee6f1efa964,115,US_ID,CONTACT,2021-03-31,"{""contact_type"": ""FACE_TO_FACE"", ""location"": ""RESIDENCE""}"
,f08f3f1b-ced5-3116-ba2f-ce532e53be7a,115,US_ID,ASSESSMENT,2020-10-26,"{""assessment_score"": 16, ""previous_assessment_score"": 21}"
,34786394-9aaf-3d63-8dd0-65da5e6e9d75,116,US_ID,CONTACT,2021-03-17,"{""contact_type"": ""FACE_TO_FACE"", ""location"": ""SUPERVISION_OFFICE""}"
,3653c70c-8fbe-38eb-821f-3d7958cb547c,116,US_ID,ASSESSMENT,2020-04-11,"{""assessment_score"": 17, ""previous_assessment_score"": 15}"
,e1ef1d81-a9eb-35b6-bd7f-3a950a29b5be,117,US_ID,CONTACT,2021-03-10,"{""contact_type"": ""FACE_TO_FACE"", ""location"": ""RESIDENCE""}"
,638c2c88-d8be-3b0a-a88f-85ebbc2e00b9,117,US_ID,ASSESSMENT,2019-02-08,"{""assessment_score"": 18, ""previous_assessment_score"": 23}"
,3634eb57-4e82-3e30-a7c8-8ed99ef40185,118,US_ID,CONTACT,2021-02-21,"{""contact_type"": ""FACE_TO_FACE"", ""location"": ""SUPERVISION_OFFICE""}"
,095218b4-eff7-36ee-8fc4-a3161470c779,118,US_ID,ASSESSMENT,2020-06-20,"{""assessment_score"": 19, ""previous_assessment_score"": 17}"
,cb3328fe-755b-3d78-b556-6535a989ed5e,119,US_ID,CONTACT,2021-03-09,"{""contact_type"": ""FACE_TO_FACE"", ""location"": ""RESIDENCE""}"
,a44bff5a-909c-3b1f-a0a4-e2ec5cea0d40,119,US_ID,ASSESSMENT,2020-03-21,"{""assessment_score"": 20, ""previous_assessment_score"": 25}"
,d39be584-f348-3a24-afa0-384a454962ae,120,US_ID,CONTACT,2021-02-28,"{""contact_type"": ""FACE_TO_FACE"", ""location"": ""SUPERVISION_OFFICE""}"
,8c6bd715-a467-388e-a131-1473f56b4317,120,US_ID,ASSESSMENT,2020-02-23,"{""assessment_score"": 21, ""previous_assessment_score"": 19}"
,e7f5623a-70df-31a5-a348-9d48d3d13112,121,US_ID,CONTACT,2021-03-13,"{""contact_type"": ""FACE_TO_FACE"", ""location"": ""RESIDENCE""}"
,35a4d4ea-dee8-3d11-8fac-0210434b50c0,121,US_ID,ASSESSMENT,2020-10-03,"{""assessment_score"": 22, ""previous_assessment_score"": 27}"
,e858b509-312c-37e5-a170-58419c2eafb8,122,US_ID,CONTACT,2021-03-16,"{""contact_type"": ""FACE_TO_FACE"", ""location"": ""SUPERVISION_OFFICE""}"
,ec513b1d-4687-3c99-8f24-889888215563,122,US_ID,ASSESSMENT,2020-12-02,"{""assessment_score"": 23, ""previous_assessment_score"": 21}"
,cc212846-df3e-3563-83bd-b55a9d0ecf96,123,US_ID,CONTACT,2021-01-29,"{""contact_type"": ""FACE_TO_FACE"", ""location"": ""RESIDENCE""}"
,925991f1-bbf5-3b1d-acf5-0373c00019f0,123,US_ID,ASSESSMENT,2019-11-12,"{""assessment_score"": 24, ""previous_assessment_score"": 29}"
,e650f15b-4b26-33bf-a532-4889178def81,124,US_ID,CONTACT,2020-11-18,"{""contact_type"": ""FACE_TO_FACE"", ""location"": ""SUPERVISION_OFFICE""}"
,1716b0ed-ed59-376c-8ef6-c6604ae2a7d0,124,US_ID,ASSESSMENT,2019-07-24,"{""assessment_score"": 25, ""previous_assessment_score"": 23}"
,4fee52e7-87af-33b5-bb1a-a1e1350df8c5,125,US_ID,CONTACT,2021-01-23,"{""contact_type"": ""FACE_TO_FACE"", ""location"": ""RESIDENCE""}"
,408fa41b-44d0-3e69-af13-b5d211507ca8,125,US_ID,ASSESSMENT,2020-10-13,"{""assessment_score"": 26, ""previous_assessment_score"": 31}"
,6b504f5c-682e-3e7f-a331-f7d09ed59721,126,US_ID,CONTACT,2021-02-06,"{""contact_type"": ""FACE_TO_FACE"", ""location"": ""SUPERVISION_OFFICE""}"
,cf284d2b-88cb-3976-93df-7f03c714396e,126,US_ID,ASSESSMENT,2019-03-19,"{""assessment_score"": 27, ""previous_assessment_score"": 25}"
,6fefb16d-94da-3e43-ba9f-34d0ca666182,127,US_ID,CONTACT,2021-01-03,"{""contact_type"": ""FACE_TO_FACE"", ""location"": ""RESIDENCE""}"
,951c1a02-4452-375e-a29a-11eadeeff4a0,127,US_ID,ASSESSMENT,2020-08-17,"{""assessment_score"": 28, ""previous_assessment_score"": 33}"
,1b77546d-e6ca-3ca3-ac8f-a1adc4a0877f,128,US_ID,CONTACT,2021-01-14,"{""contact_type"": ""FACE_TO_FACE"", ""location"": ""SUPERVISION_OFFICE""}"
,d8cd1dcd-210c-3e96-bb6a-997745628a74,128,US_ID,ASSESSMENT,2019-08-28,"{""assessment_score"": 29, ""previous_assessment_score"": 27}"
,c6700a3c-24d5-326a-a3ef-93bba9469f6d,129,US_ID,CONTACT,2021-02-05,"{""contact_type"": ""FACE_TO_FACE"", ""location"": ""RESIDENCE""}"
,d730e58c-fc5c-3f2e-871a-ef1f2c21332e,129,US_ID,ASSESSMENT,2019-12-24,"{""assessment_score"": 30, ""previous_assessment_score"": 35}"
,6dc1148d-82c4-3af5-a944-344df5a37a00,130,US_ID,CONTACT,2021-03-27,"{""contact_type"": ""FACE_TO_FACE"", ""location"": ""SUPERVISION_OFFICE""}"
,068e5d90-673c-3353-a7a3-73215064b551,130,US_ID,ASSESSMENT,2019-04-23,"{""assessment_score"": 31, ""previous_assessment_score"": 29}"
,82893ce0-713c-3e02-aec0-5f51389817e3,131,US_ID,CONTACT,2021-01-28,"{""contact_type"": ""FACE_TO_FACE"", ""location"": ""RESIDENCE""}"
,dfab35d3-7303-392f-8588-dcf0d6b28bc0,131,US_ID,ASSESSMENT,2020-02-08,"{""assessment_score"": 32, ""previous_assessment_score"": 37}"
,32f13ca5-5841-3aba-8ec3-e8a02a4e0751,132,US_ID,CONTACT,2021-03-12,"{""contact_type"": ""FACE_TO_FACE"", ""location"": ""SUPERVISION_OFFICE""}"
,a15cb6b0-18bb-382e-b7b6-414430bac6b1,132,US_ID,ASSESSMENT,2019-12-27,"{""assessment_score"": 33, ""previous_assessment_score"": 31}"
,c3521845-893b-35dd-8d9f-0e078b30e03c,133,US_ID,CONTACT,2021-02-10,"{""contact_type"": ""FACE_TO_FACE"", ""location"": ""RESIDENCE""}"
,2b4e060a-4284-363a-9d6e-cd74c894d6bf,133,US_ID,ASSESSMENT,2020-04-11,"{""assessment_score"": 1, ""previous_assessment_score"": 6}"
,ace42daa-1719-3f98-afbe-15c0f887fb9d,134,US_ID,CONTACT,2021-03-19,"{""contact_type"": ""FACE_TO_FACE"", ""location"": ""SUPERVISION_OFFICE""}"
,f0bcea6b-daec-3b82-9eb9-6248ce208ee6,134,US_ID,ASSESSMENT,2019-09-06,"{""assessment_score"": 2, ""previous_assessment_score"": 0}"
,ff170b57-65ea-3377-ae10-15ef8fdf949c,135,US_ID,CONTACT,2021-01-21,"{""contact_type"": ""FACE_TO_FACE"", ""location"": ""RESIDENCE""}"
,580f6c98-75a6-35ed-9627-9feb3a021ac6,135,US_ID,ASSESSMENT,2020-12-14,"{""assessment_score"": 3, ""previous_assessment_score"": 8}"
,e297b7bb-c2aa-30a9-a979-a7787af8bff4,136,US_ID,CONTACT,2020-12-30,"{""contact_type"": ""FACE_TO_FACE"", ""location"": ""SUPERVISION_OFFICE""}"
,d4b38de7-108c-3bc8-ae7c-bda41ac8da27,136,US_ID,ASSESSMENT,2019-12-18,"{""assessment_score"": 4, ""previous_assessment_score"": 2}"
,15d29d36-6165-3307-a7da-54610cf02e6e,137,US_ID,CONTACT,2020-11-28,"{""contact_type"": ""FACE_TO_FACE"", ""location"": ""RESIDENCE""}"
,5607d48e-c513-3fe5-b74e-64f8a0c3c7f3,137,US_ID,ASSESSMENT,2020-09-21,"{""assessment_score"": 5, ""previous_assessment_score"": 10}"
,f9f4f126-0803-3914-87f0-b4e44eb903ca,138,US_ID,CONTACT,2021-03-20,"{""contact_type"": ""FACE_TO_FACE"", ""location"": ""SUPERVISION_OFFICE""}"
,998ea15b-e287-340f-b67b-c9ca17cf03cf,138,US_ID,ASSESSMENT,2020-11-28,"{""assessment_score"": 6, ""previous_assessment_score"": 4}"
,ef82cc2e-5d62-3837-b9a2-4f7d18dea5e2,139,US_ID,CONTACT,2021-01-28,"{""contact_type"": ""FACE_TO_FACE"", ""location"": ""RESIDENCE""}"
,c70951e5-47ab-378f-a65d-de26fa4adda2,139,US_ID,ASSESSMENT,2019-09-20,"{""assessment_score"": 7, ""previous_assessment_score"": 12}"
,27353e02-11c4-32a0-8254-405d0761eab9,140,US_ID,CONTACT,2021-02-03,"{""contact_type"": ""FACE_TO_FACE"", ""location"": ""SUPERVISION_OFFICE""}"
,b9ea3117-a300-35b0-b4bd-66c3158a45a4,140,US_ID,ASSESSMENT,2019-07-23,"{""assessment_score"": 8, ""previous_assessment_score"": 6}"
,536cd978-4178-3270-8077-38cc1ff2b3ef,141,US_ID,CONTACT,2021-01-13,"{""contact_type"": ""FACE_TO_FACE"", ""location"": ""RESIDENCE""}"
,d6e66e5c-8886-3c1b-9df4-aa6d367ae6f9,141,US_ID,ASSESSMENT,2020-01-02,"{""assessment_score"": 9, ""previous_assessment_score"": 14}"
,08c6f3ee-ad58-37d7-a457-dbb5e3f84850,142,US_ID,CONTACT,2021-03-10,"{""contact_type"": ""FACE_TO_FACE"", ""location"": ""SUPERVISION_OFFICE""}"
,0ee96f54-84aa-3b99-a01c-05158b5aefe7,142,US_ID,ASSESSMENT,2020-11-15,"{""assessment_score"": 10, ""previous_assessment_score"": 8}"
,32a5f7f0-5266-338c-8e97-0bdd1b63bc1a,143,US_ID,CONTACT,2021-02-16,"{""contact_type"": ""FACE_TO_FACE"", ""location"": ""RESIDENCE""}"
,3567c5c6-97ee-318e-be9b-c46c1df6fca8,143,US_ID,ASSESSMENT,2020-08-04,"{""assessment_score"": 11, ""previous_assessment_score"": 16}"
,167a2f0f-4456-3688-b3bc-1d3483686183,144,US_ID,CONTACT,2021-03-13,"{""contact_type"": ""FACE_TO_FACE"", ""location"": ""SUPERVISION_OFFICE""}"
,18f809e0-42e7-32ea-bf6b-3ae78a9bc1b1,144,US_ID,ASSESSMENT,2019-01-07,"{""assessment_score"": 12, ""previous_assessment_score"": 10}"
,cc73e2ae-442e-3bc5-9d35-5ee6ce76f1ef,145,US_ID,CONTACT,2021-03-13,"{""contact_type"": ""FACE_TO_FACE"", ""location"": ""RESIDENCE""}"
,bfb38f3d-b7eb-3eea-ab6d-4a595d6c51a7,145,US_ID,ASSESSMENT,2019-09-06,"{""assessment_score"": 13, ""previous_assessment_score"": 18}"
,1d5676d7-5d98-376b-b31d-d1b2ebff9eb8,146,US_ID,CONTACT,2021-01-25,"{""contact_type"": ""FACE_TO_FACE"", ""location"": ""SUPERVISION_OFFICE""}"
,bbd778f3-42ad-309a-a3de-bd895c52f87a,146,US_ID,ASSESSMENT,2019-01-25,"{""assessment_score"": 14, ""previous_assessment_score"": 12}"
,2b05ba04-0a36-3f59-853d-e1128a560777,147,US_ID,CONTACT,2021-02-23,"{""contact_type"": ""FACE_TO_FACE"", ""location"": ""RESIDENCE""}"
,974f3ab1-1774-3dee-81ad-86927df755e8,147,US_ID,ASSESSMENT,2020-02-17,"{""assessment_score"": 15, ""previous_assessment_score"": 20}"
,4aa82358-60a8-3aee-b284-3f979e272d92,148,US_ID,CONTACT,2021-02-14,"{""contact_type"": ""FACE_TO_FACE"", ""location"": ""SUPERVISION_OFFICE""}"
,2cfe2db7-8dcb-3d86-b31f-ae10371291da,148,US_ID,ASSESSMENT,2019-06-16,"{""assessment_score"": 16, ""previous_assessment_score"": 14}"
,b416e6e2-5845-341e-a069-574a5bfaa5ac,149,US_ID,CONTACT,2021-03-22,"{""contact_type"": ""FACE_TO_FACE"", ""location"": ""RESIDENCE""}"
,f90d0296-0d57-3f82-911c-d40c2d1a63f2,149,US_ID,ASSESSMENT,2020-09-24,"{""assessment_score"": 17, ""previous_assessment_score"": 22}"
,98b91295-0deb-32d5-abbf-08aa4fe91e49,150,US_ID,CONTACT,2021-03-04,"{""contact_type"": ""FACE_TO_FACE"", ""location"": ""SUPERVISION_OFFICE""}"
,4fd47a2d-9f9c-3c68-93dc-b7117151375f,150,US_ID,ASSESSMENT,2020-09-19,"{""assessment_score"": 18, ""previous_assessment_score"": 16}"
,db05c28d-8b63-3200-b14f-8f2f94b99327,151,US_ID,CONTACT,2021-03-09,"{""contact_type"": ""FACE_TO_FACE"", ""location"": ""RESIDENCE""}"
,19f1d3db-ab0a-3bfa-9a72-38c0e60d191e,151,US_ID,ASSESSMENT,2019-08-20,"{""assessment_score"": 19, ""previous_assessment_score"": 24}"
,167670af-826b-3fc7-9b02-340110d07c30,152,US_ID,CONTACT,2021-01-07,"{""contact_type"": ""FACE_TO_FACE"", ""location"": ""SUPERVISION_OFFICE""}"
,872e2d18-39e9-350a-91a9-2118ea103a6c,152,US_ID,ASSESSMENT,2019-08-15,"{""assessment_score"": 20, ""previous_assessment_score"": 18}"
,82b6726f-5626-344b-9260-676fbd8acdd4,153,US_ID,CONTACT,2021-02-27,"{""contact_type"": ""FACE_TO_FACE"", ""location"": ""RESIDENCE""}"
,8ac37c08-b8e4-3b8f-816d-b5deca263c75,153,US_ID,ASSESSMENT,2020-05-24,"{""assessment_score"": 21, ""previous_assessment_score"": 26}"
,4104dbb4-e005-35b9-ba10-198c51fdc53d,154,US_ID,CONTACT,2021-02-20,"{""contact_type"": ""FACE_TO_FACE"", ""location"": ""SUPERVISION_OFFICE""}"
,c301608c-a070-359b-bf42-fb063279e3b2,154,US_ID,ASSESSMENT,2020-03-08,"{""assessment_score"": 22, ""previous_assessment_score"": 20}"
,33ec921c-96be-3a71-850c-4f257cbaf832,155,US_ID,CONTACT,2020-11-25,"{""contact_type"": ""FACE_TO_FACE"", ""location"": ""RESIDENCE""}"
,995cab4f-7673-309b-862a-7f9b96aef337,155,US_ID,ASSESSMENT,2020-04-18,"{""assessment_score"": 23, ""previous_assessment_score"": 28}"
,0b599d0e-38e7-3e04-b0a4-955f40c95586,156,US_ID,CONTACT,2021-01-13,"{""contact_type"": ""FACE_TO_FACE"", ""location"": ""SUPERVISION_OFFICE""}"
,ca8235b1-5486-3a70-a73e-25a1bd68e3a4,156,US_ID,ASSESSMENT,2020-12-16,"{""assessment_score"": 24, ""previous_assessment_score"": 22}"
,5acab532-24fa-36ce-af8f-0f6e8d670855,157,US_ID,CONTACT,2021-02-07,"{""contact_type"": ""FACE_TO_FACE"", ""location"": ""RESIDENCE""}"
,7af993ec-2e5c-31b6-b132-c7a38cacef2f,157,US_ID,ASSESSMENT,2020-02-03,"{""assessment_score"": 25, ""previous_assessment_score"": 30}"
,2348bfbb-d0ac-3e3f-9df8-7beff4e8649a,158,US_ID,CONTACT,2021-02-10,"{""contact_type"": ""FACE_TO_FACE"", ""location"": ""SUPERVISION_OFFICE""}"
,28ff10b6-85c0-3a87-8d07-6c21ca6a0223,158,US_ID,ASSESSMENT,2019-06-21,"{""assessment_score"": 26, ""previous_assessment_score"": 24}"
,8fc2627d-bf44-311a-90b6-feca95c31317,159,US_ID,CONTACT,2021-02-09,"{""contact_type"": ""FACE_TO_FACE"", ""location"": ""RESIDENCE""}"
,b91187fe-1c82-3c96-96ea-aac10928fe71,159,US_ID,ASSESSMENT,2019-06-14,"{""assessment_score"": 27, ""previous_assessment_score"": 32}"
,86c61eff-178d-3437-b1b5-ec9eb4de290c,160,US_ID,CONTACT,2021-03-04,"{""contact_type"": ""FACE_TO_FACE"", ""location"": ""SUPERVISION_OFFICE""}"
,c10855e2-836d-3779-84c6-1509fea56718,160,US_ID,ASSESSMENT,2019-10-21,"{""assessment_score"": 28, ""previous_assessment_score"": 26}"
,b5648b9b-50b4-352b-bea7-6a4f3d3c15c6,161,US_ID,CONTACT,2020-12-19,"{""contact_type"": ""FACE_TO_FACE"", ""location"": ""RESIDENCE""}"
,68dc4320-65d0-3e98-9e70-e946d14768aa,161,US_ID,ASSESSMENT,2020-09-28,"{""assessment_score"": 29, ""previous_assessment_score"": 34}"
,47827645-6f9a-3651-a67a-150e54406262,162,US_ID,CONTACT,2021-02-19,"{""contact_type"": ""FACE_TO_FACE"", ""location"": ""SUPERVISION_OFFICE""}"
,12445838-378c-3bc2-9253-6bcfadc58e46,162,US_ID,ASSESSMENT,2019-10-15,"{""assessment_score"": 30, ""previous_assessment_score"": 28}"
,611c1b19-207c-3461-b645-6546d77c8354,163,US_ID,CONTACT,2021-03-29,"{""contact_type"": ""FACE_TO_FACE"", ""location"": ""RESIDENCE""}"
,9da5f87f-78ca-3f65-84d0-c2c373eb6906,163,US_ID,ASSESSMENT,2019-11-12,"{""assessment_score"": 31, ""previous_assessment_score"": 36}"
,3fd4b224-a652-3d73-9f52-7a338d16a17b,164,US_ID,CONTACT,2021-03-17,"{""contact_type"": ""FACE_TO_FACE"", ""location"": ""SUPERVISION_OFFICE""}"
,c61885c0-4302-35c1-af29-eef1a82eb0e5,164,US_ID,ASSESSMENT,2019-11-24,"{""assessment_score"": 32, ""previous_assessment_score"": 30}"
,02d470bb-256c-3e86-a551-53ffb3bec477,165,US_ID,CONTACT,2020-11-20,"{""contact_type"": ""FACE_TO_FACE"", ""location"": ""RESIDENCE""}"
,34e61982-f660-3d2d-b155-23993c830c4d,165,US_ID,ASSESSMENT,2019-04-03,"{""assessment_score"": 33, ""previous_assessment_score"": 38}"
,ab642bce-c178-37df-b0d3-569817c422a9,166,US_ID,CONTACT,2021-01-24,"{""contact_type"": ""FACE_TO_FACE"", ""location"": ""SUPERVISION_OFFICE""}"
,fce28e52-fb8c-3e31-8254-81928dd8d9e2,166,US_ID,ASSESSMENT,2020-04-23,"{""assessment_score"": 1, ""previous_assessment_score"": 0}"
,1b31a2ef-e6fe-3d66-a718-cb736a964e89,167,US_ID,CONTACT,2021-03-21,"{""contact_type"": ""FACE_TO_FACE"", ""location"": ""RESIDENCE""}"
,24ace705-b0d8-3f5a-a481-5952e93d6f2a,167,US_ID,ASSESSMENT,2020-05-28,"{""assessment_score"": 2, ""previous_assessment_score"": 7}"
,6b1bdd70-2497-31e3-89ba-b18eb0eabd58,168,US_ID,CONTACT,2021-03-26,"{""contact_type"": ""FACE_TO_FACE"", ""location"": ""SUPERVISION_OFFICE""}"
,f24b8ac0-644f-3a89-a967-e71e844fc426,168,US_ID,ASSESSMENT,2019-12-06,"{""assessment_score"": 3, ""previous_assessment_score"": 1}"
,95a68a47-f8c9-3706-b84d-084b8e0ba62d,169,US_ID,CONTACT,2021-02-11,"{""contact_type"": ""FACE_TO_FACE"", ""location"": ""RESIDENCE""}"
,62cbd29b-4566-3e8f-9fb6-6ea19f738dee,169,US_ID,ASSESSMENT,2019-07-10,"{""assessment_score"": 4, ""previous_assessment_score"": 9}"
,7260ea2b-355e-3216-a4d4-5aa04e32c897,170,US_ID,CONTACT,2021-02-26,"{""contact_type"": ""FACE_TO_FACE"", ""location"": ""SUPERVISION_OFFICE""}"
,9f189b2e-f27e-3249-8714-d736f0f8b717,170,US_ID,ASSESSMENT,2020-09-18,"{""assessment_score"": 5, ""previous_assessment_score"": 3}"
,717d50a3-bd09-3cd0-9969-014215e273d9,171,US_ID,CONTACT,2021-02-01,"{""contact_type"": ""FACE_TO_FACE"", ""location"": ""RESIDENCE""}"
,37d42e3a-b0fc-3c3a-b0ac-76a9fde36e51,171,US_ID,ASSESSMENT,2019-08-03,"{""assessment_score"": 6, ""previous_assessment_score"": 11}"
,c97d3c9c-db0a-3ad3-b221-00b6c98b2559,172,US_ID,CONTACT,2021-03-20,"{""contact_type"": ""FACE_TO_FACE"", ""location"": ""SUPERVISION_OFFICE""}"
,b9c558a6-2d8e-3b6c-a9c9-93b30c938882,172,US_ID,ASSESSMENT,2020-06-23,"{""assessment_score"": 7, ""previous_assessment_score"": 5}"
,5e2bdaa2-f4ee-35d3-99e2-7e6a6a7882df,173,US_ID,CONTACT,2021-01-03,"{""contact_type"": ""FACE_TO_FACE"", ""location"": ""RESIDENCE""}"
,6d3aa21a-876a-3309-9a1c-4700abd3347a,173,US_ID,ASSESSMENT,2020-02-14,"{""assessment_score"": 8, ""previous_assessment_score"": 13}"
,fde9114b-7911-36cc-8b25-da4eb7e6f564,174,US_ID,CONTACT,2021-03-09,"{""contact_type"": ""FACE_TO_FACE"", ""location"": ""SUPERVISION_OFFICE""}"
,fd419486-0aef-3656-b5fb-6ce72a86248d,174,US_ID,ASSESSMENT,2019-08-01,"{""assessment_score"": 9, ""previous_assessment_score"": 7}"
,8f6edb68-6486-3e14-9adf-9235cc1077de,175,US_ID,CONTACT,2021-03-25,"{""contact_type"": ""FACE_TO_FACE"", ""location"": ""RESIDENCE""}"
,a023370d-a74f-3ed3-94ff-2168d83268e8,175,US_ID,ASSESSMENT,2020-01-02,"{""assessment_score"": 10, ""previous_assessment_score"": 15}"
,c640119c-1f3e-335c-b065-5ca581ab71b5,176,US_ID,CONTACT,2021-02-03,"{""contact_type"": ""FACE_TO_FACE"", ""location"": ""SUPERVISION_OFFICE""}"
,35b70fb8-0d51-3379-951f-497cadc1429c,176,US_ID,ASSESSMENT,2019-08-10,"{""assessment_score"": 11, ""previous_assessment_score"": 9}"
,f3bcd024-523e-3dfa-a870-f3abeb6cd2d6,177,US_ID,CONTACT,2021-03-05,"{""contact_type"": ""FACE_TO_FACE"", ""location"": ""RESIDENCE""}"
,8591eec4-acd9-3c7c-9b83-1edd8641da30,177,US_ID,ASSESSMENT,2020-11-17,"{""assessment_score"": 12, ""previous_assessment_score"": 17}"
,2c593d98-8638-393c-958f-ea918ff48759,178,US_ID,CONTACT,2021-02-03,"{""contact_type"": ""FACE_TO_FACE"", ""location"": ""SUPERVISION_OFFICE""}"
,9ebf6742-d4b5-3fcb-b852-d5955575183b,178,US_ID,ASSESSMENT,2020-09-23,"{""assessment_score"": 13, ""previous_assessment_score"": 11}"
,93a8f822-b997-3404-a81e-ef8c448f12ba,179,US_ID,CONTACT,2021-02-16,"{""contact_type"": ""FACE_TO_FACE"", ""location"": ""RESIDENCE""}"
,c168d238-abcf-367a-a2fb-b3a76b346149,179,US_ID,ASSESSMENT,2020-07-10,"{""assessment_score"": 14, ""previous_assessment_score"": 19}"
,87e81725-7867-330f-8d3a-b0a10b9c03f9,180,US_ID,CONTACT,2021-03-04,"{""contact_type"": ""FACE_TO_FACE"", ""location"": ""SUPERVISION_OFFICE""}"
,2177d05e-0cbd-3469-a896-a41e02d0b65d,180,US_ID,ASSESSMENT,2020-10-05,"{""assessment_score"": 15, ""previous_assessment_score"": 13}"
,85296c1f-5628-36b1-8504-9958c9845b84,181,US_ID,CONTACT,2021-03-09,"{""contact_type"": ""FACE_TO_FACE"", ""location"": ""RESIDENCE""}"
,d16dc7e6-447a-3423-8471-acc274e6c748,181,US_ID,ASSESSMENT,2019-01-15,"{""assessment_score"": 16, ""previous_assessment_score"": 21}"
,14a0d485-b803-3ced-982d-24fd2f39a3c8,182,US_ID,CONTACT,2021-01-24,"{""contact_type"": ""FACE_TO_FACE"", ""location"": ""SUPERVISION_OFFICE""}"
,153c2ee2-875e-3618-ae30-4fcec887908e,182,US_ID,ASSESSMENT,2020-07-09,"{""assessment_score"": 17, ""previous_assessment_score"": 15}"
,3f03140b-33a6-3728-92c9-a7e3694ebd9e,183,US_ID,CONTACT,2021-03-20,"{""contact_type"": ""FACE_TO_FACE"", ""location"": ""RESIDENCE""}"
,06e9c293-f7af-36bf-89cd-b7744193a63f,183,US_ID,ASSESSMENT,2020-11-10,"{""assessment_score"": 18, ""previous_assessment_score"": 23}"
,f64985fc-747e-3795-ae9c-7eb3b97c84d8,184,US_ID,CONTACT,2021-03-11,"{""contact_type"": ""FACE_TO_FACE"", ""location"": ""SUPERVISION_OFFICE""}"
,768d44ea-0588-3635-97ad-4c0958f8ffb8,184,US_ID,ASSESSMENT,2020-12-21,"{""assessment_score"": 19, ""previous_assessment_score"": 17}"
,9d958d96-b285-3865-b8cb-8f4a044697cd,185,US_ID,CONTACT,2021-03-03,"{""contact_type"": ""FACE_TO_FACE"", ""location"": ""RESIDENCE""}"
,1c3b3a49-075f-3f44-9c5f-3bc6f1c92e15,185,US_ID,ASSESSMENT,2019-09-19,"{""assessment_score"": 20, ""previous_assessment_score"": 25}"
,3230a4ec-dd56-3ac0-8c7e-b04a80b74ddf,186,US_ID,CONTACT,2021-02-28,"{""contact_type"": ""FACE_TO_FACE"", ""location"": ""SUPERVISION_OFFICE""}"
,3c21b4ca-7834-3e25-b07a-ae45d685201e,186,US_ID,ASSESSMENT,2019-09-14,"{""assessment_score"": 21, ""previous_assessment_score"": 19}"
,d9ea27d2-c489-3c41-8f05-e1ec3a01891b,187,US_ID,CONTACT,2021-03-10,"{""contact_type"": ""FACE_TO_FACE"", ""location"": ""RESIDENCE""}"
,c365c6d4-60ef-38ca-9de8-fb1386d744a5,187,US_ID,ASSESSMENT,2020-10-20,"{""assessment_score"": 22, ""previous_assessment_score"": 27}"
,12857b2d-4b84-358b-ae0c-5ce754e4676a,188,US_ID,CONTACT,2021-02-20,"{""contact_type"": ""FACE_TO_FACE"", ""location"": ""SUPERVISION_OFFICE""}"
,4898bd2c-de1e-3f7a-bea6-5555340642be,188,US_ID,ASSESSMENT,2019-05-19,"{""assessment_score"": 23, ""previous_assessment_score"": 21}"
,8d3f87ed-f2ee-3ba6-966d-229fcc0af679,189,US_ID,CONTACT,2020-12-28,"{""contact_type"": ""FACE_TO_FACE"", ""location"": ""RESIDENCE""}"
,1338773c-3fbf-38bd-9447-045d8cccc2cb,189,US_ID,ASSESSMENT,2019-08-15,"{""assessment_score"": 24, ""previous_assessment_score"": 29}"
,8b55fab3-500f-3e31-993e-d44d62724671,190,US_ID,CONTACT,2021-03-27,"{""contact_type"": ""FACE_TO_FACE"", ""location"": ""SUPERVISION_OFFICE""}"
,c0d1a626-955a-3150-9573-c7b5fe3e6cb2,190,US_ID,ASSESSMENT,2020-08-23,"{""assessment_score"": 25, ""previous_assessment_score"": 23}"
,5d5d45e8-aa19-357e-ba0b-b6b9a628e065,191,US_ID,CONTACT,2021-04-08,"{""contact_type"": ""FACE_TO_FACE"", ""location"": ""RESIDENCE""}"
,c4a1b9dc-dd3c-3c6b-83ba-47007712cc98,191,US_ID,ASSESSMENT,2019-05-16,"{""assessment_score"": 26, ""previous_assessment_score"": 31}"
,d645a448-974c-3ca4-a414-dcd89360b864,192,US_ID,CONTACT,2021-03-05,"{""contact_type"": ""FACE_TO_FACE"", ""location"": ""SUPERVISION_OFFICE""}"
,221453e0-746c-3086-9e95-8d5af5f37737,192,US_ID,ASSESSMENT,2020-07-13,"{""assessment_score"": 27, ""previous_assessment_score"": 25}"
,37274794-1967-37b8-9c79-f0c7914746f6,193,US_ID,CONTACT,2021-03-02,"{""contact_type"": ""FACE_TO_FACE"", ""location"": ""RESIDENCE""}"
,bd28519e-3f98-3e05-96da-38a5dde186e0,193,US_ID,ASSESSMENT,2019-08-13,"{""assessment_score"": 28, ""previous_assessment_score"": 33}"
,57260573-3f98-3b0b-a622-87edb69414fc,194,US_ID,CONTACT,2021-03-15,"{""contact_type"": ""FACE_TO_FACE"", ""location"": ""SUPERVISION_OFFICE""}"
,ab3be2db-ff41-325b-bbac-a3089757615f,194,US_ID,ASSESSMENT,2019-09-21,"{""assessment_score"": 29, ""previous_assessment_score"": 27}"
,8d0fc834-a5d4-3ef9-8c81-e23efb692daa,195,US_ID,CONTACT,2021-03-17,"{""contact_type"": ""FACE_TO_FACE"", ""location"": ""RESIDENCE""}"
,cc467468-d108-3fc5-aff7-3888e35e09f5,195,US_ID,ASSESSMENT,2019-09-20,"{""assessment_score"": 30, ""previous_assessment_score"": 35}"
,39c517bf-432f-36d7-9eba-6d5b183bf570,196,US_ID,CONTACT,2021-01-16,"{""contact_type"": ""FACE_TO_FACE"", ""location"": ""SUPERVISION_OFFICE""}"
,d9f04fc2-ba01-338f-9749-daad78bc3983,196,US_ID,ASSESSMENT,2019-11-25,"{""assessment_score"": 31, ""previous_assessment_score"": 29}"
,4d6a85e6-4ad3-3f8b-8c44-270e9eaef1cc,197,US_ID,CONTACT,2021-03-19,"{""contact_type"": ""FACE_TO_FACE"", ""location"": ""RESIDENCE""}"
,b10de116-7587-3b64-97db-44cd6fdd19df,197,US_ID,ASSESSMENT,2019-11-16,"{""assessment_score"": 32, ""previous_assessment_score"": 37}"
,a0ca4750-d6fa-35a4-ba86-00d466f5da7f,198,US_ID,CONTACT,2021-01-26,"{""contact_type"": ""FACE_TO_FACE"", ""location"": ""SUPERVISION_OFFICE""}"
,7996ba3b-c480-325b-accb-8fcc361ceec6,198,US_ID,ASSESSMENT,2020-07-10,"{""assessment_score"": 33, ""previous_assessment_score"": 31}"
,f3be247d-328e-3bf9-9a9e-fc05abea3a87,199,US_ID,CONTACT,2021-03-03,"{""contact_type"": ""FACE_TO_FACE"", ""location"": ""RESIDENCE""}"
,9f235b31-0026-31b6-b7cf-8ac95fec03b2,199,US_ID,ASSESSMENT,2019-04-23,"{""assessment_score"": 1, ""previous_assessment_score"": 6}"
,aea959e4-36ed-3ba3-b815-28f4bfd21f34,200,US_ID,CONTACT,2019-10-30,"{""contact_type"": ""FACE_TO_FACE"", ""location"": ""SUPERVISION_OFFICE""}"
,b59bfd68-1ab1-31e6-b184-5d6ff975a0a2,200,US_ID,ASSESSMENT,2019-08-14,"{""assessment_score"": 2, ""previous_assessment_score"": 0}"
,2c8bb37a-5af3-3b85-a38f-f8ac7e93aee0,201,US_ID,CONTACT,2021-01-29,"{""contact_type"": ""FACE_TO_FACE"", ""location"": ""RESIDENCE""}"
,3813fe21-39d8-33bd-b1b1-a6c6b81307a2,201,US_ID,ASSESSMENT,2020-04-03,"{""assessment_score"": 3, ""previous_assessment_score"": 8}"
,5c275e9a-ca78-3ffe-a69c-0ada018126c7,202,US_ID,CONTACT,2021-03-11,"{""contact_type"": ""FACE_TO_FACE"", ""location"": ""SUPERVISION_OFFICE""}"
,4849a611-9ee7-321b-920e-364a83658366,202,US_ID,ASSESSMENT,2020-04-23,"{""assessment_score"": 4, ""previous_assessment_score"": 2}"
,0f299242-b4cb-3a81-a7e2-6461707c866d,203,US_ID,CONTACT,2020-12-03,"{""contact_type"": ""FACE_TO_FACE"", ""location"": ""RESIDENCE""}"
,d9366afa-df8d-3a29-98ec-ceb6128e34bb,203,US_ID,ASSESSMENT,2020-10-24,"{""assessment_score"": 5, ""previous_assessment_score"": 10}"
,eaa18b93-76d0-3f94-90f2-6786aafff2a9,204,US_ID,CONTACT,2021-02-09,"{""contact_type"": ""FACE_TO_FACE"", ""location"": ""SUPERVISION_OFFICE""}"
,944c892c-99d8-3f5b-b0bb-b34f416e4551,204,US_ID,ASSESSMENT,2019-02-07,"{""assessment_score"": 6, ""previous_assessment_score"": 4}"
,044c2c90-ea55-320e-a50d-0af3e1924693,205,US_ID,CONTACT,2021-01-08,"{""contact_type"": ""FACE_TO_FACE"", ""location"": ""RESIDENCE""}"
,3961c2e4-bcf1-37e3-8343-97974f645b36,205,US_ID,ASSESSMENT,2020-12-12,"{""assessment_score"": 7, ""previous_assessment_score"": 12}"
,981721c1-2881-3e19-ba58-b8917920fa22,206,US_ID,CONTACT,2021-03-10,"{""contact_type"": ""FACE_TO_FACE"", ""location"": ""SUPERVISION_OFFICE""}"
,d2fcd1b3-fa17-3337-8e2e-bbb67c95f0f2,206,US_ID,ASSESSMENT,2020-10-07,"{""assessment_score"": 8, ""previous_assessment_score"": 6}"
,fd8c89a2-d8eb-3659-aa0f-49d735114764,207,US_ID,CONTACT,2021-01-23,"{""contact_type"": ""FACE_TO_FACE"", ""location"": ""RESIDENCE""}"
,1dcd8893-b9a9-3c1a-b9c8-a7377744c5f2,207,US_ID,ASSESSMENT,2020-11-11,"{""assessment_score"": 9, ""previous_assessment_score"": 14}"
,afb383df-57da-3fab-a4aa-3d30cbbbf17d,208,US_ID,CONTACT,2021-03-04,"{""contact_type"": ""FACE_TO_FACE"", ""location"": ""SUPERVISION_OFFICE""}"
,f7112d6e-30d3-3d07-8aab-b694a92969a0,208,US_ID,ASSESSMENT,2020-02-01,"{""assessment_score"": 10, ""previous_assessment_score"": 8}"
,61095ce1-4983-329b-99d0-64cad990217c,209,US_ID,CONTACT,2021-03-11,"{""contact_type"": ""FACE_TO_FACE"", ""location"": ""RESIDENCE""}"
,7e7b2ed0-8849-370f-bce6-870adb6a93c5,209,US_ID,ASSESSMENT,2020-10-12,"{""assessment_score"": 11, ""previous_assessment_score"": 16}"
,e4a60302-3551-3563-aa2f-a3f8657f353c,210,US_ID,CONTACT,2021-01-30,"{""contact_type"": ""FACE_TO_FACE"", ""location"": ""SUPERVISION_OFFICE""}"
,e650d3d1-ad33-3410-bd56-af39e4e2e14a,210,US_ID,ASSESSMENT,2019-11-12,"{""assessment_score"": 12, ""previous_assessment_score"": 10}"
,1cc1f9cf-bd9c-37a4-81c5-71d9c99dbff8,211,US_ID,CONTACT,2021-03-16,"{""contact_type"": ""FACE_TO_FACE"", ""location"": ""RESIDENCE""}"
,d3893d83-b81a-3ebd-9237-7a4d7baaee77,211,US_ID,ASSESSMENT,2020-01-05,"{""assessment_score"": 13, ""previous_assessment_score"": 18}"
,e31e3499-9e80-3433-8087-0113f79efbba,212,US_ID,CONTACT,2021-03-26,"{""contact_type"": ""FACE_TO_FACE"", ""location"": ""SUPERVISION_OFFICE""}"
,3f92f6b2-aca5-31f6-93b1-6336afb37faf,212,US_ID,ASSESSMENT,2020-01-11,"{""assessment_score"": 14, ""previous_assessment_score"": 12}"
,742b45e8-21cd-3c77-9676-aee6e3dd2f64,213,US_ID,CONTACT,2021-01-23,"{""contact_type"": ""FACE_TO_FACE"", ""location"": ""RESIDENCE""}"
,ab70e3fe-e767-3bb9-b2e7-f5d4d9da12bd,213,US_ID,ASSESSMENT,2019-10-12,"{""assessment_score"": 15, ""previous_assessment_score"": 20}"
,8b329f83-0b7a-357e-8ba5-0306f516bc44,214,US_ID,CONTACT,2021-02-19,"{""contact_type"": ""FACE_TO_FACE"", ""location"": ""SUPERVISION_OFFICE""}"
,98e7c29a-460b-3adb-a15e-af2cdaf7b368,214,US_ID,ASSESSMENT,2020-07-28,"{""assessment_score"": 16, ""previous_assessment_score"": 14}"
,4808c176-32ea-37f8-b8f2-8024dc62e598,215,US_ID,CONTACT,2021-03-16,"{""contact_type"": ""FACE_TO_FACE"", ""location"": ""RESIDENCE""}"
,5650b7c7-33eb-3505-9c01-a054a470bf41,215,US_ID,ASSESSMENT,2019-01-05,"{""assessment_score"": 17, ""previous_assessment_score"": 22}"
,ed6a7059-20fd-3f51-af0f-823a5468660f,216,US_ID,CONTACT,2021-03-17,"{""contact_type"": ""FACE_TO_FACE"", ""location"": ""SUPERVISION_OFFICE""}"
,6949ab3a-f730-3efc-a436-15a4ba787092,216,US_ID,ASSESSMENT,2020-08-22,"{""assessment_score"": 18, ""previous_assessment_score"": 16}"
,a14eac79-e699-36de-86ef-d08f94df1cd6,217,US_ID,CONTACT,2021-03-10,"{""contact_type"": ""FACE_TO_FACE"", ""location"": ""RESIDENCE""}"
,f3d9b6b8-cfeb-3c26-aef3-c6166f0103ec,217,US_ID,ASSESSMENT,2019-12-28,"{""assessment_score"": 19, ""previous_assessment_score"": 24}"
,919ccca5-1dd8-353f-8c16-23856c4573f5,218,US_ID,CONTACT,2021-02-13,"{""contact_type"": ""FACE_TO_FACE"", ""location"": ""SUPERVISION_OFFICE""}"
,72837271-cb44-3627-b590-3eb8a95b217d,218,US_ID,ASSESSMENT,2019-11-25,"{""assessment_score"": 20, ""previous_assessment_score"": 18}"
,3eb767ea-8092-3eb2-a3f2-2e80ff8f890b,219,US_ID,CONTACT,2021-03-18,"{""contact_type"": ""FACE_TO_FACE"", ""location"": ""RESIDENCE""}"
,3f49dfca-c21d-31e2-83df-7f89d985c8c8,219,US_ID,ASSESSMENT,2019-03-26,"{""assessment_score"": 21, ""previous_assessment_score"": 26}"
,b5ad018b-40f1-3ee4-a871-e81144bc875c,220,US_ID,CONTACT,2021-02-24,"{""contact_type"": ""FACE_TO_FACE"", ""location"": ""SUPERVISION_OFFICE""}"
,2cfe4d2c-3308-3dc6-b46d-d0ada5ece418,220,US_ID,ASSESSMENT,2019-03-12,"{""assessment_score"": 22, ""previous_assessment_score"": 20}"
,bf3e281b-af8f-31eb-b24c-30945f064db2,221,US_ID,CONTACT,2021-02-15,"{""contact_type"": ""FACE_TO_FACE"", ""location"": ""RESIDENCE""}"
,0e796679-2850-3f9a-b26f-8b2782eb4735,221,US_ID,ASSESSMENT,2020-06-01,"{""assessment_score"": 23, ""previous_assessment_score"": 28}"
,78f1e4fa-fe39-3cb6-a856-d5955e4903a0,222,US_ID,CONTACT,2021-02-08,"{""contact_type"": ""FACE_TO_FACE"", ""location"": ""SUPERVISION_OFFICE""}"
,ea808591-1062-3e0c-8222-15d96a6e04bd,222,US_ID,ASSESSMENT,2020-08-26,"{""assessment_score"": 24, ""previous_assessment_score"": 22}"
,1b7d52ef-0bb3-3f1d-af60-91b69145373b,223,US_ID,CONTACT,2021-02-27,"{""contact_type"": ""FACE_TO_FACE"", ""location"": ""RESIDENCE""}"
,9bce1c96-f227-3455-859c-e18a73e7f544,223,US_ID,ASSESSMENT,2020-10-02,"{""assessment_score"": 25, ""previous_assessment_score"": 30}"
,1b85a65d-cd80-3478-a43a-6ad30fc00a27,224,US_ID,CONTACT,2021-01-01,"{""contact_type"": ""FACE_TO_FACE"", ""location"": ""SUPERVISION_OFFICE""}"
,5e15fb47-ce8b-3e0a-8a83-1f3693644325,224,US_ID,ASSESSMENT,2020-01-07,"{""assessment_score"": 26, ""previous_assessment_score"": 24}"
,b052cb66-1e1d-39ef-99dd-6b30e59db958,225,US_ID,CONTACT,2020-11-11,"{""contact_type"": ""FACE_TO_FACE"", ""location"": ""RESIDENCE""}"
,adce13f2-5c90-3849-996f-435fe2ea1618,225,US_ID,ASSESSMENT,2019-01-15,"{""assessment_score"": 27, ""previous_assessment_score"": 32}"
,6a349c21-899f-345f-bf71-2eb9da12b366,226,US_ID,CONTACT,2021-03-06,"{""contact_type"": ""FACE_TO_FACE"", ""location"": ""SUPERVISION_OFFICE""}"
,ea88d1cc-6ecc-3a90-b890-d3db6f1b7f75,226,US_ID,ASSESSMENT,2020-05-27,"{""assessment_score"": 28, ""previous_assessment_score"": 26}"
,24e4ae86-2f43-39f6-b1da-af0435a2a9c3,227,US_ID,CONTACT,2021-03-09,"{""contact_type"": ""FACE_TO_FACE"", ""location"": ""RESIDENCE""}"
,1e9c44d0-d4ec-33d1-a825-f75d66265bc8,227,US_ID,ASSESSMENT,2019-09-09,"{""assessment_score"": 29, ""previous_assessment_score"": 34}"
,683d04aa-dce7-3dda-80dd-57942a0bf7cf,228,US_ID,CONTACT,2021-04-05,"{""contact_type"": ""FACE_TO_FACE"", ""location"": ""SUPERVISION_OFFICE""}"
,4c40a930-16d1-3faa-b6c5-c00bc7d04366,228,US_ID,ASSESSMENT,2020-01-22,"{""assessment_score"": 30, ""previous_assessment_score"": 28}"
,59424ad2-5167-3080-ac94-993e0c0b88b3,229,US_ID,CONTACT,2021-03-21,"{""contact_type"": ""FACE_TO_FACE"", ""location"": ""RESIDENCE""}"
,6ea4665b-acbe-3f9e-b295-b9e2f213b221,229,US_ID,ASSESSMENT,2020-11-13,"{""assessment_score"": 31, ""previous_assessment_score"": 36}"
,ea06032b-3d40-39c5-a920-30fbefdbf407,230,US_ID,CONTACT,2021-02-04,"{""contact_type"": ""FACE_TO_FACE"", ""location"": ""SUPERVISION_OFFICE""}"
,6b370aa8-196a-3492-abfc-d1c76818bccd,230,US_ID,ASSESSMENT,2019-10-11,"{""assessment_score"": 32, ""previous_assessment_score"": 30}"
,4e05d49c-a2bd-3cd4-a016-601df36864c2,231,US_ID,CONTACT,2020-11-29,"{""contact_type"": ""FACE_TO_FACE"", ""location"": ""RESIDENCE""}"
,d3f99586-33a9-3b8c-af56-bcebac0e7110,231,US_ID,ASSESSMENT,2019-03-08,"{""assessment_score"": 33, ""previous_assessment_score"": 38}"
,b7455956-3bca-3ce8-bd28-734ab2527889,232,US_ID,CONTACT,2021-02-28,"{""contact_type"": ""FACE_TO_FACE"", ""location"": ""SUPERVISION_OFFICE""}"
,5183e607-686d-38bf-bd26-797fe0ecaf14,232,US_ID,ASSESSMENT,2020-06-01,"{""assessment_score"": 1, ""previous_assessment_score"": 0}"
,89b4b990-5b6e-33e1-992c-91a1e778b40d,233,US_ID,CONTACT,2021-03-11,"{""contact_type"": ""FACE_TO_FACE"", ""location"": ""RESIDENCE""}"
,5ecbaf5f-7a99-3c48-80a5-d4dc1a9e8457,233,US_ID,ASSESSMENT,2020-08-10,"{""assessment_score"": 2, ""previous_assessment_score"": 7}"
,8e05ceaf-7583-3ab6-9420-a2f22f0da968,234,US_ID,CONTACT,2021-02-05,"{""contact_type"": ""FACE_TO_FACE"", ""location"": ""SUPERVISION_OFFICE""}"
,8dcd33ab-3854-39f6-b119-2a42aa188356,234,US_ID,ASSESSMENT,2019-05-20,"{""assessment_score"": 3, ""previous_assessment_score"": 1}"
,229cc0fa-f047-3a6a-88a5-2f210c3493a6,235,US_ID,CONTACT,2021-04-05,"{""contact_type"": ""FACE_TO_FACE"", ""location"": ""RESIDENCE""}"
,ba25b4c5-1bd5-3ff8-82e0-d98fb22d98ad,235,US_ID,ASSESSMENT,2020-07-06,"{""assessment_score"": 4, ""previous_assessment_score"": 9}"
,e272aaaa-4232-3ebf-b374-47edac9119fe,236,US_ID,CONTACT,2021-01-24,"{""contact_type"": ""FACE_TO_FACE"", ""location"": ""SUPERVISION_OFFICE""}"
,7476766c-4391-33eb-b521-ed690ad83bee,236,US_ID,ASSESSMENT,2019-04-18,"{""assessment_score"": 5, ""previous_assessment_score"": 3}"
,c073b7d4-d503-3807-b494-60607235d291,237,US_ID,CONTACT,2021-01-29,"{""contact_type"": ""FACE_TO_FACE"", ""location"": ""RESIDENCE""}"
,30ec7736-150a-36c2-8186-08524c0f0698,237,US_ID,ASSESSMENT,2020-05-28,"{""assessment_score"": 6, ""previous_assessment_score"": 11}"
,f1a54e31-e404-3d63-9556-eabe0ab6d635,238,US_ID,CONTACT,2021-03-17,"{""contact_type"": ""FACE_TO_FACE"", ""location"": ""SUPERVISION_OFFICE""}"
,25f0df10-798b-3f1c-b8d1-3bc44f8aa350,238,US_ID,ASSESSMENT,2019-01-04,"{""assessment_score"": 7, ""previous_assessment_score"": 5}"
,2079e81d-b3db-3cca-8e94-93b0127a340c,239,US_ID,CONTACT,2021-02-24,"{""contact_type"": ""FACE_TO_FACE"", ""location"": ""RESIDENCE""}"
,5179c517-b3ad-3783-89a4-cf5346382417,239,US_ID,ASSESSMENT,2019-11-20,"{""assessment_score"": 8, ""previous_assessment_score"": 13}"
,d82a9b30-bb61-3948-b60c-66f0245a9820,240,US_ID,CONTACT,2021-02-22,"{""contact_type"": ""FACE_TO_FACE"", ""location"": ""SUPERVISION_OFFICE""}"
,87e9943c-36ba-3428-816a-7affef8796cc,240,US_ID,ASSESSMENT,2019-02-01,"{""assessment_score"": 9, ""previous_assessment_score"": 7}"
,923bddbc-caa5-3acb-8ea7-27c6685cba49,241,US_ID,CONTACT,2019-10-16,"{""contact_type"": ""FACE_TO_FACE"", ""location"": ""RESIDENCE""}"
,6ef86720-70e6-3a07-bc77-8e5756d70477,241,US_ID,ASSESSMENT,2020-07-07,"{""assessment_score"": 10, ""previous_assessment_score"": 15}"
,33ec6ed9-77a2-3149-b8de-9c00557664f6,242,US_ID,CONTACT,2021-03-04,"{""contact_type"": ""FACE_TO_FACE"", ""location"": ""SUPERVISION_OFFICE""}"
,37669c87-ce0f-3c0d-8f70-3d51ac3fecf3,242,US_ID,ASSESSMENT,2019-09-02,"{""assessment_score"": 11, ""previous_assessment_score"": 9}"
,5d049f20-d602-39a7-b55c-c0796dbe8f6c,243,US_ID,CONTACT,2021-03-08,"{""contact_type"": ""FACE_TO_FACE"", ""location"": ""RESIDENCE""}"
,8e8b5ba8-2fe3-3705-96f5-f10ef858930d,243,US_ID,ASSESSMENT,2019-02-28,"{""assessment_score"": 12, ""previous_assessment_score"": 17}"
,3921397b-e959-33ab-95bf-7a626935f044,244,US_ID,CONTACT,2021-02-02,"{""contact_type"": ""FACE_TO_FACE"", ""location"": ""SUPERVISION_OFFICE""}"
,a3761847-51a3-3461-b9df-b1f8f506c46c,244,US_ID,ASSESSMENT,2019-06-08,"{""assessment_score"": 13, ""previous_assessment_score"": 11}"
,0d76e033-b719-30ab-955a-5a4c0f4fdbee,245,US_ID,CONTACT,2021-03-17,"{""contact_type"": ""FACE_TO_FACE"", ""location"": ""RESIDENCE""}"
,9eb8767b-9650-3ffd-becd-52fb0238b3bd,245,US_ID,ASSESSMENT,2020-05-08,"{""assessment_score"": 14, ""previous_assessment_score"": 19}"
,14f12b48-719d-30d9-9c21-53d067eb79bb,246,US_ID,CONTACT,2021-03-21,"{""contact_type"": ""FACE_TO_FACE"", ""location"": ""SUPERVISION_OFFICE""}"
,ea795220-30ac-37d0-8dc8-b86265e9b91b,246,US_ID,ASSESSMENT,2019-04-08,"{""assessment_score"": 15, ""previous_assessment_score"": 13}"
,3411c5a9-b2be-3376-9353-aabcf2fdf797,247,US_ID,CONTACT,2021-01-30,"{""contact_type"": ""FACE_TO_FACE"", ""location"": ""RESIDENCE""}"
,6da54303-e8fb-3c50-a1a4-77b3f24ac374,247,US_ID,ASSESSMENT,2019-12-07,"{""assessment_score"": 16, ""previous_assessment_score"": 21}"
,fbe04807-4fe3-30f5-bdc6-e9b3a12a56b0,248,US_ID,CONTACT,2021-02-03,"{""contact_type"": ""FACE_TO_FACE"", ""location"": ""SUPERVISION_OFFICE""}"
,b2bf2ee5-70d3-3c12-b8cd-e2396cdc7252,248,US_ID,ASSESSMENT,2019-05-09,"{""assessment_score"": 17, ""previous_assessment_score"": 15}"
,b2c6e4fe-53b3-3157-a9f0-69ff6eaf84bb,249,US_ID,CONTACT,2021-01-27,"{""contact_type"": ""FACE_TO_FACE"", ""location"": ""RESIDENCE""}"
,fdf64a70-f565-37aa-beae-bbb178b9f348,249,US_ID,ASSESSMENT,2019-05-27,"{""assessment_score"": 18, ""previous_assessment_score"": 23}"
,37706212-0fe7-36a8-ad0e-d0d2e12baf1f,250,US_ID,CONTACT,2021-03-14,"{""contact_type"": ""FACE_TO_FACE"", ""location"": ""SUPERVISION_OFFICE""}"
,e9a102ef-b178-3da9-a342-e703c64c8939,250,US_ID,ASSESSMENT,2019-01-02,"{""assessment_score"": 19, ""previous_assessment_score"": 17}"
,7f03b77a-bf1e-3c7b-b75f-422355b62c15,251,US_ID,CONTACT,2021-02-05,"{""contact_type"": ""FACE_TO_FACE"", ""location"": ""RESIDENCE""}"
,560cf88b-e267-36e8-b3ae-5552d700550d,251,US_ID,ASSESSMENT,2020-10-16,"{""assessment_score"": 20, ""previous_assessment_score"": 25}"
,db71153d-45df-3cdc-8f7f-fbc5cb6107a4,252,US_ID,CONTACT,2021-01-18,"{""contact_type"": ""FACE_TO_FACE"", ""location"": ""SUPERVISION_OFFICE""}"
,6e95437c-3349-3070-bd37-3735933f4b6d,252,US_ID,ASSESSMENT,2020-12-13,"{""assessment_score"": 21, ""previous_assessment_score"": 19}"
,ab511beb-83e5-3776-8d7d-5a4ea4ea44f9,253,US_ID,CONTACT,2021-01-31,"{""contact_type"": ""FACE_TO_FACE"", ""location"": ""RESIDENCE""}"
,3360aa54-e7ec-32d2-92e0-5e2042587edf,253,US_ID,ASSESSMENT,2020-04-24,"{""assessment_score"": 22, ""previous_assessment_score"": 27}"
,8a9c104c-4f95-3fc9-a6ff-be06fc30608d,254,US_ID,CONTACT,2021-02-03,"{""contact_type"": ""FACE_TO_FACE"", ""location"": ""SUPERVISION_OFFICE""}"
,721fb4e6-59cd-3b76-bee3-4304c23bbc59,254,US_ID,ASSESSMENT,2019-01-23,"{""assessment_score"": 23, ""previous_assessment_score"": 21}"
,b8436102-831b-31b7-a1ac-3b2e73387004,255,US_ID,CONTACT,2021-02-25,"{""contact_type"": ""FACE_TO_FACE"", ""location"": ""RESIDENCE""}"
,4feca12c-0e3a-33ed-9520-8db0957a525a,255,US_ID,ASSESSMENT,2020-06-13,"{""assessment_score"": 24, ""previous_assessment_score"": 29}"
,743177c7-6498-3d21-913c-44cbd1237f35,256,US_ID,CONTACT,2021-02-07,"{""contact_type"": ""FACE_TO_FACE"", ""location"": ""SUPERVISION_OFFICE""}"
,e8849dac-29fc-308f-815b-14571f3b73e7,256,US_ID,ASSESSMENT,2019-05-09,"{""assessment_score"": 25, ""previous_assessment_score"": 23}"
,4299ae39-36bb-376c-82b4-eabf47d41077,257,US_ID,CONTACT,2021-02-20,"{""contact_type"": ""FACE_TO_FACE"", ""location"": ""RESIDENCE""}"
,81497170-e22f-3161-b8d6-f11411f4e866,257,US_ID,ASSESSMENT,2020-12-22,"{""assessment_score"": 26, ""previous_assessment_score"": 31}"
,899d70c2-e852-35fd-a41a-dd592704f622,258,US_ID,CONTACT,2020-11-18,"{""contact_type"": ""FACE_TO_FACE"", ""location"": ""SUPERVISION_OFFICE""}"
,69f9520e-b143-32ee-b3d1-e0d112b6a7e9,258,US_ID,ASSESSMENT,2020-03-16,"{""assessment_score"": 27, ""previous_assessment_score"": 25}"
,50897bea-b287-35be-a937-892a51ed4ae6,259,US_ID,CONTACT,2021-03-04,"{""contact_type"": ""FACE_TO_FACE"", ""location"": ""RESIDENCE""}"
,3ae589ea-524e-3792-9bef-cf442a75ef61,259,US_ID,ASSESSMENT,2019-02-07,"{""assessment_score"": 28, ""previous_assessment_score"": 33}"
,9ea95d1b-4c09-3f65-9ecf-7039ec87a63b,260,US_ID,CONTACT,2021-02-02,"{""contact_type"": ""FACE_TO_FACE"", ""location"": ""SUPERVISION_OFFICE""}"
,2e62822a-18ab-309e-a5ce-bf774197351c,260,US_ID,ASSESSMENT,2020-06-10,"{""assessment_score"": 29, ""previous_assessment_score"": 27}"
,22654e17-ddf7-35ee-a41f-0b4e71e7d13a,261,US_ID,CONTACT,2021-01-29,"{""contact_type"": ""FACE_TO_FACE"", ""location"": ""RESIDENCE""}"
,2b5ec2b7-05c5-3084-b93c-fc8968803ae4,261,US_ID,ASSESSMENT,2020-09-05,"{""assessment_score"": 30, ""previous_assessment_score"": 35}"
,64ec2462-2064-36d8-82bf-a94208802645,262,US_ID,CONTACT,2020-12-30,"{""contact_type"": ""FACE_TO_FACE"", ""location"": ""SUPERVISION_OFFICE""}"
,9dc704dd-2af8-3443-81f6-ea1fcaad02bf,262,US_ID,ASSESSMENT,2019-09-08,"{""assessment_score"": 31, ""previous_assessment_score"": 29}"
,3bdc9a95-c074-3a91-9e6d-674333495a2e,263,US_ID,CONTACT,2021-01-31,"{""contact_type"": ""FACE_TO_FACE"", ""location"": ""RESIDENCE""}"
,3f79d3f5-2b04-384d-85a4-ea24e4ba019c,263,US_ID,ASSESSMENT,2019-11-28,"{""assessment_score"": 32, ""previous_assessment_score"": 37}"
,a2d0e65f-ccf6-3be5-9804-578c6b3c27ff,264,US_ID,CONTACT,2021-01-28,"{""contact_type"": ""FACE_TO_FACE"", ""location"": ""SUPERVISION_OFFICE""}"
,2078a354-cd26-309e-9075-2e21bffd1215,264,US_ID,ASSESSMENT,2019-08-26,"{""assessment_score"": 33, ""previous_assessment_score"": 31}"
,5471008d-1b03-32c0-9ca7-a3881b37033c,265,US_ID,CONTACT,2020-10-02,"{""contact_type"": ""FACE_TO_FACE"", ""location"": ""RESIDENCE""}"
,9b50e032-ae7e-3628-9eed-45e5484ad72e,265,US_ID,ASSESSMENT,2019-12-17,"{""assessment_score"": 1, ""previous_assessment_score"": 6}"
,dda2659b-9493-3e1c-86f0-99b7dc805487,266,US_ID,CONTACT,2021-02-05,"{""contact_type"": ""FACE_TO_FACE"", ""location"": ""SUPERVISION_OFFICE""}"
,6dcd6adc-7400-373e-b3b0-ee9c00a8bf85,266,US_ID,ASSESSMENT,2019-01-08,"{""assessment_score"": 2, ""previous_assessment_score"": 0}"
,b04b3206-69ed-3af8-8812-3007d006799c,267,US_ID,CONTACT,2021-04-02,"{""contact_type"": ""FACE_TO_FACE"", ""location"": ""RESIDENCE""}"
,47d1319d-56a2-3161-8c03-719d4792cf3a,267,US_ID,ASSESSMENT,2019-11-20,"{""assessment_score"": 3, ""previous_assessment_score"": 8}"
,fc8022b9-7e52-313b-8577-b78a748a6770,268,US_ID,CONTACT,2021-03-22,"{""contact_type"": ""FACE_TO_FACE"", ""location"": ""SUPERVISION_OFFICE""}"
,8f61918f-e7ff-3957-8e64-594cef0a5126,268,US_ID,ASSESSMENT,2020-05-27,"{""assessment_score"": 4, ""previous_assessment_score"": 2}"
,b67c9958-08aa-3176-9a0d-c21c009dde1b,269,US_ID,CONTACT,2021-03-22,"{""contact_type"": ""FACE_TO_FACE"", ""location"": ""RESIDENCE""}"
,57db8886-18fd-358f-a74c-dc42d305e27c,269,US_ID,ASSESSMENT,2019-12-17,"{""assessment_score"": 5, ""previous_assessment_score"": 10}"
,9c27f284-3269-3bb1-8f48-51af5dfeabd7,270,US_ID,CONTACT,2021-01-30,"{""contact_type"": ""FACE_TO_FACE"", ""location"": ""SUPERVISION_OFFICE""}"
,412a6aad-355b-35a8-afc9-c01c210b8597,270,US_ID,ASSESSMENT,2020-03-13,"{""assessment_score"": 6, ""previous_assessment_score"": 4}"
,dd5e6a94-3ede-3bde-b1af-f11cab1a0c9b,271,US_ID,CONTACT,2021-03-14,"{""contact_type"": ""FACE_TO_FACE"", ""location"": ""RESIDENCE""}"
,b7d8d524-c73c-3565-b7f5-ef37a8e6b320,271,US_ID,ASSESSMENT,2020-10-26,"{""assessment_score"": 7, ""previous_assessment_score"": 12}"
,3e050235-4a68-3d00-be1f-fb23cf16cd70,272,US_ID,CONTACT,2021-03-12,"{""contact_type"": ""FACE_TO_FACE"", ""location"": ""SUPERVISION_OFFICE""}"
,451604c0-23b3-3884-984c-1fffe53de9c2,272,US_ID,ASSESSMENT,2019-12-09,"{""assessment_score"": 8, ""previous_assessment_score"": 6}"
,3bc92b16-f3d8-387f-bf37-9bd7251a4481,273,US_ID,CONTACT,2021-02-14,"{""contact_type"": ""FACE_TO_FACE"", ""location"": ""RESIDENCE""}"
,2eece444-5e77-3655-9393-587fc957597b,273,US_ID,ASSESSMENT,2019-02-24,"{""assessment_score"": 9, ""previous_assessment_score"": 14}"
,b19bcc40-9004-3ece-a13f-dde3e9d52a85,274,US_ID,CONTACT,2020-11-14,"{""contact_type"": ""FACE_TO_FACE"", ""location"": ""SUPERVISION_OFFICE""}"
,2d93b5c0-df01-3eda-8ab1-44f913cb2de0,274,US_ID,ASSESSMENT,2019-12-03,"{""assessment_score"": 10, ""previous_assessment_score"": 8}"
,4fe198b6-aeae-3534-a0a7-23791b030296,275,US_ID,CONTACT,2021-02-13,"{""contact_type"": ""FACE_TO_FACE"", ""location"": ""RESIDENCE""}"
,0673f50f-9375-3d26-8f7e-a93327038643,275,US_ID,ASSESSMENT,2019-05-16,"{""assessment_score"": 11, ""previous_assessment_score"": 16}"
,bc8f5a37-71e9-3f9f-8852-45c76cdbb19f,276,US_ID,CONTACT,2021-02-27,"{""contact_type"": ""FACE_TO_FACE"", ""location"": ""SUPERVISION_OFFICE""}"
,e532121c-ade6-3675-9c25-efc129af8ece,276,US_ID,ASSESSMENT,2020-02-22,"{""assessment_score"": 12, ""previous_assessment_score"": 10}"
,3a22fd12-2e3c-3fbd-a20b-3a066b2b995f,277,US_ID,CONTACT,2021-03-13,"{""contact_type"": ""FACE_TO_FACE"", ""location"": ""RESIDENCE""}"
,47bdc3d4-4eba-3b84-bdbd-e147fc7690c7,277,US_ID,ASSESSMENT,2019-07-20,"{""assessment_score"": 13, ""previous_assessment_score"": 18}"
,66861938-b3e5-3efe-9b67-87ff9f198474,278,US_ID,CONTACT,2021-03-01,"{""contact_type"": ""FACE_TO_FACE"", ""location"": ""SUPERVISION_OFFICE""}"
,67bef71c-c921-3794-b2fd-a4131f6bac7c,278,US_ID,ASSESSMENT,2019-05-19,"{""assessment_score"": 14, ""previous_assessment_score"": 12}"
,a0a5417b-0401-3215-9842-040e3ebc1cb6,279,US_ID,CONTACT,2021-03-26,"{""contact_type"": ""FACE_TO_FACE"", ""location"": ""RESIDENCE""}"
,ad16049b-33e7-3c09-a5f2-5788152500de,279,US_ID,ASSESSMENT,2020-11-03,"{""assessment_score"": 15, ""previous_assessment_score"": 20}"
,a72a5f56-26c1-3a2b-91cc-41698f7bae71,280,US_ID,CONTACT,2021-03-14,"{""contact_type"": ""FACE_TO_FACE"", ""location"": ""SUPERVISION_OFFICE""}"
,96d3f259-2942-3383-98a2-9d6e57855ec4,280,US_ID,ASSESSMENT,2019-06-05,"{""assessment_score"": 16, ""previous_assessment_score"": 14}"
,b3859eb1-ef03-34cb-aa09-d18a42e9535c,281,US_ID,CONTACT,2021-01-29,"{""contact_type"": ""FACE_TO_FACE"", ""location"": ""RESIDENCE""}"
,f9afd419-95e0-30f5-86e9-ddf9f07dcab5,281,US_ID,ASSESSMENT,2019-04-28,"{""assessment_score"": 17, ""previous_assessment_score"": 22}"
,bf9e5cb8-d154-3eb1-a13c-27ffdddbd50c,282,US_ID,CONTACT,2021-03-19,"{""contact_type"": ""FACE_TO_FACE"", ""location"": ""SUPERVISION_OFFICE""}"
,c480a88d-e4ac-396f-9ca9-da510b5f5bc3,282,US_ID,ASSESSMENT,2019-11-24,"{""assessment_score"": 18, ""previous_assessment_score"": 16}"
,5de4ab1c-2e7b-3025-8ca3-b5a3299571ca,283,US_ID,CONTACT,2021-01-31,"{""contact_type"": ""FACE_TO_FACE"", ""location"": ""RESIDENCE""}"
,26cdc82d-1437-3c2c-a655-12e273d68d3e,283,US_ID,ASSESSMENT,2019-06-25,"{""assessment_score"": 19, ""previous_assessment_score"": 24}"
,0b2cb42b-6992-3fe4-9e11-e27418429244,284,US_ID,CONTACT,2021-01-31,"{""contact_type"": ""FACE_TO_FACE"", ""location"": ""SUPERVISION_OFFICE""}"
,f4e3acf7-f1cf-35a2-b1c7-2e7bc8259b65,284,US_ID,ASSESSMENT,2020-04-16,"{""assessment_score"": 20, ""previous_assessment_score"": 18}"
,7b44d5a4-9b61-3159-8ec6-d1cec59950ba,285,US_ID,CONTACT,2021-02-14,"{""contact_type"": ""FACE_TO_FACE"", ""location"": ""RESIDENCE""}"
,f9c18184-f416-3e41-a3f6-055005343caf,285,US_ID,ASSESSMENT,2019-12-01,"{""assessment_score"": 21, ""previous_assessment_score"": 26}"
,b9b6565d-f59b-318c-8c84-02d8d0a571e7,286,US_ID,CONTACT,2021-02-27,"{""contact_type"": ""FACE_TO_FACE"", ""location"": ""SUPERVISION_OFFICE""}"
,415c9557-c09a-3a4a-909a-de6f548e65a5,286,US_ID,ASSESSMENT,2019-10-20,"{""assessment_score"": 22, ""previous_assessment_score"": 20}"
,57908508-5e98-350a-bc55-50ee34ce224e,287,US_ID,CONTACT,2021-03-12,"{""contact_type"": ""FACE_TO_FACE"", ""location"": ""RESIDENCE""}"
,dfc99958-86b7-3731-9d19-33b6754a4b5a,287,US_ID,ASSESSMENT,2020-04-24,"{""assessment_score"": 23, ""previous_assessment_score"": 28}"
,d8acdef3-9bc2-3161-95dc-36d81549f30a,288,US_ID,CONTACT,2021-03-20,"{""contact_type"": ""FACE_TO_FACE"", ""location"": ""SUPERVISION_OFFICE""}"
,5aabd4a1-c125-359f-8319-fe812aae93db,288,US_ID,ASSESSMENT,2020-02-22,"{""assessment_score"": 24, ""previous_assessment_score"": 22}"
,355b457f-a7bb-3137-87dc-c8dfdeb0f106,289,US_ID,CONTACT,2021-03-16,"{""contact_type"": ""FACE_TO_FACE"", ""location"": ""RESIDENCE""}"
,8a9af8f7-8479-32cc-ad26-2c5638c6e8da,289,US_ID,ASSESSMENT,2020-03-28,"{""assessment_score"": 25, ""previous_assessment_score"": 30}"
,7eff709d-6c05-3c53-8d8b-e8af621b738a,290,US_ID,CONTACT,2021-03-08,"{""contact_type"": ""FACE_TO_FACE"", ""location"": ""SUPERVISION_OFFICE""}"
,b6c80cb6-a565-3842-adf4-36f890d8fe1a,290,US_ID,ASSESSMENT,2019-03-07,"{""assessment_score"": 26, ""previous_assessment_score"": 24}"
,5ac00e4d-88e7-3721-88ce-5dc5a68ff7ee,291,US_ID,CONTACT,2021-01-26,"{""contact_type"": ""FACE_TO_FACE"", ""location"": ""RESIDENCE""}"
,55494538-d25f-3abb-81d2-3e508239512b,291,US_ID,ASSESSMENT,2020-11-12,"{""assessment_score"": 27, ""previous_assessment_score"": 32}"
,eeb35849-d112-36d4-a6c9-12e33000035e,292,US_ID,CONTACT,2021-03-05,"{""contact_type"": ""FACE_TO_FACE"", ""location"": ""SUPERVISION_OFFICE""}"
,85f3dde1-597e-3eb4-b566-6b0128cab6c6,292,US_ID,ASSESSMENT,2020-06-24,"{""assessment_score"": 28, ""previous_assessment_score"": 26}"
,112ac85e-b6ec-384b-8b5c-f9e1d533e749,293,US_ID,CONTACT,2021-03-08,"{""contact_type"": ""FACE_TO_FACE"", ""location"": ""RESIDENCE""}"
,4faf8e39-1c0f-30b9-9993-6ba333818334,293,US_ID,ASSESSMENT,2019-09-12,"{""assessment_score"": 29, ""previous_assessment_score"": 34}"
,31898c47-99ab-3a5a-bdc5-591ed5a0580f,294,US_ID,CONTACT,2021-03-04,"{""contact_type"": ""FACE_TO_FACE"", ""location"": ""SUPERVISION_OFFICE""}"
,be54ad7c-2678-329e-9e83-d50f557a6b5f,294,US_ID,ASSESSMENT,2019-06-27,"{""assessment_score"": 30, ""previous_assessment_score"": 28}"
,31ecb3b1-5a4d-3747-8396-bb0c350e6619,295,US_ID,CONTACT,2021-01-26,"{""contact_type"": ""FACE_TO_FACE"", ""location"": ""RESIDENCE""}"
,743b2599-1abf-3bcd-8ccc-53329e0fc362,295,US_ID,ASSESSMENT,2020-10-19,"{""assessment_score"": 31, ""previous_assessment_score"": 36}"
,a7b28508-4c86-37be-a31e-b35011117729,296,US_ID,CONTACT,2021-03-26,"{""contact_type"": ""FACE_TO_FACE"", ""location"": ""SUPERVISION_OFFICE""}"
,8c00bee2-2536-39ce-b9ee-3d83b7879d9b,296,US_ID,ASSESSMENT,2019-08-21,"{""assessment_score"": 32, ""previous_assessment_score"": 30}"
,7c8af5fa-8a52-3b3a-a4c2-4199b0878604,297,US_ID,CONTACT,2021-01-24,"{""contact_type"": ""FACE_TO_FACE"", ""location"": ""RESIDENCE""}"
,f8c61233-d0df-3606-8ea2-142f97a63c79,297,US_ID,ASSESSMENT,2020-01-17,"{""assessment_score"": 33, ""previous_assessment_score"": 38}"
,229a2ca8-fd70-366f-b5db-7f526cbbbad8,298,US_ID,CONTACT,2021-03-10,"{""contact_type"": ""FACE_TO_FACE"", ""location"": ""SUPERVISION_OFFICE""}"
,86b6cefc-76e3-386e-a45e-a500b34bda37,298,US_ID,ASSESSMENT,2020-08-15,"{""assessment_score"": 34, ""previous_assessment_score"": 32}"
,fb43647c-5ca7-37cb-aa39-6e763dee6a07,299,US_ID,CONTACT,2021-03-20,"{""contact_type"": ""FACE_TO_FACE"", ""location"": ""RESIDENCE""}"
,6fa0baff-6a11-336e-8de6-dad93467c25f,299,US_ID,ASSESSMENT,2019-10-19,"{""assessment_score"": 35, ""previous_assessment_score"": 40}"
