,compartment,outflow_to,tis_percentage,race,compartment_duration,total_population,time_step
0,prison,probation,100%,white,0.0,0.0,
1,prison,probation,100%,white,12.0,0.0,
2,prison,probation,100%,white,24.0,0.0,
3,prison,probation,100%,white,36.0,0.0032786890000000004,
4,prison,probation,100%,white,48.0,0.0,
5,prison,probation,100%,white,60.0,0.0,
6,prison,probation,100%,white,72.0,0.0,
7,prison,probation,100%,white,84.0,0.0,
8,prison,probation,100%,white,96.0,0.0,
9,prison,probation,100%,white,108.0,0.0,
10,prison,probation,100%,white,120.0,0.0032786890000000004,
11,prison,probation,100%,white,132.0,0.0032786890000000004,
12,prison,probation,100%,white,144.0,0.0,
13,prison,probation,100%,white,156.0,0.0032786890000000004,
14,prison,probation,100%,white,168.0,0.0,
15,prison,probation,100%,white,180.0,0.006557377,
16,prison,probation,100%,white,192.0,0.009836066,
17,prison,probation,100%,white,204.0,0.019672131000000002,
18,prison,probation,100%,white,216.0,0.019672131000000002,
19,prison,probation,100%,white,228.0,0.032786885,
20,prison,probation,100%,white,240.0,0.016393443,
21,prison,probation,100%,white,252.0,0.02295082,
22,prison,probation,100%,white,264.0,0.009836066,
23,prison,probation,100%,white,276.0,0.029508197000000003,
24,prison,probation,100%,white,288.0,0.026229508,
25,prison,probation,100%,white,300.0,0.032786885,
26,prison,probation,100%,white,312.0,0.026229508,
27,prison,probation,100%,white,324.0,0.052459016,
28,prison,probation,100%,white,336.0,0.016393443,
29,prison,probation,100%,white,348.0,0.036065573999999996,
30,prison,probation,100%,white,360.0,0.026229508,
31,prison,probation,100%,white,372.0,0.019672131000000002,
32,prison,probation,100%,white,384.0,0.013114754,
33,prison,probation,100%,white,396.0,0.019672131000000002,
34,prison,probation,100%,white,408.0,0.019672131000000002,
35,prison,probation,100%,white,420.0,0.02295082,
36,prison,probation,100%,white,432.0,0.029508197000000003,
37,prison,probation,100%,white,444.0,0.026229508,
38,prison,probation,100%,white,456.0,0.013114754,
39,prison,probation,100%,white,468.0,0.019672131000000002,
40,prison,probation,100%,white,480.0,0.016393443,
41,prison,probation,100%,white,492.0,0.006557377,
42,prison,probation,100%,white,504.0,0.02295082,
43,prison,probation,100%,white,516.0,0.013114754,
44,prison,probation,100%,white,528.0,0.036065573999999996,
45,prison,probation,100%,white,540.0,0.013114754,
46,prison,probation,100%,white,552.0,0.013114754,
47,prison,probation,100%,white,564.0,0.029508197000000003,
48,prison,probation,100%,white,576.0,0.026229508,
49,prison,probation,100%,white,588.0,0.016393443,
50,prison,probation,100%,white,600.0,0.013114754,
51,prison,probation,100%,white,612.0,0.009836066,
52,prison,probation,100%,white,624.0,0.019672131000000002,
53,prison,probation,100%,white,636.0,0.006557377,
54,prison,probation,100%,white,648.0,0.016393443,
55,prison,probation,100%,white,660.0,0.009836066,
56,prison,probation,100%,white,672.0,0.016393443,
57,prison,probation,100%,white,684.0,0.006557377,
58,prison,probation,100%,white,696.0,0.016393443,
59,prison,probation,100%,white,708.0,0.013114754,
60,prison,probation,100%,white,720.0,0.0032786890000000004,
61,prison,probation,100%,white,732.0,0.009836066,
62,prison,probation,100%,white,744.0,0.0032786890000000004,
63,prison,probation,100%,white,756.0,0.006557377,
64,prison,probation,100%,white,768.0,0.006557377,
65,prison,probation,100%,white,780.0,0.0032786890000000004,
66,prison,probation,100%,white,792.0,0.0032786890000000004,
67,prison,probation,100%,white,804.0,0.0032786890000000004,
68,prison,probation,100%,white,816.0,0.013114754,
69,prison,probation,100%,white,828.0,0.006557377,
70,prison,probation,100%,white,840.0,0.0032786890000000004,
71,prison,probation,100%,white,852.0,0.006557377,
72,prison,probation,100%,white,864.0,0.0032786890000000004,
73,prison,probation,100%,white,876.0,0.0,
74,prison,probation,100%,white,888.0,0.006557377,
75,prison,probation,100%,white,900.0,0.0,
76,prison,probation,100%,white,912.0,0.0,
77,prison,probation,100%,white,924.0,0.0032786890000000004,
78,prison,probation,100%,white,936.0,0.009836066,
79,prison,probation,100%,white,948.0,0.0032786890000000004,
80,prison,probation,100%,white,960.0,0.0032786890000000004,
81,prison,probation,100%,non-white,0.0,0.0,
82,prison,probation,100%,non-white,12.0,0.000735835,
83,prison,probation,100%,non-white,24.0,0.0,
84,prison,probation,100%,non-white,36.0,0.00147167,
85,prison,probation,100%,non-white,48.0,0.000735835,
86,prison,probation,100%,non-white,60.0,0.000735835,
87,prison,probation,100%,non-white,72.0,0.000735835,
88,prison,probation,100%,non-white,84.0,0.0,
89,prison,probation,100%,non-white,96.0,0.002943341,
90,prison,probation,100%,non-white,108.0,0.0,
91,prison,probation,100%,non-white,120.0,0.002207506,
92,prison,probation,100%,non-white,132.0,0.002207506,
93,prison,probation,100%,non-white,144.0,0.004415011,
94,prison,probation,100%,non-white,156.0,0.004415011,
95,prison,probation,100%,non-white,168.0,0.006622517,
96,prison,probation,100%,non-white,180.0,0.014716703000000001,
97,prison,probation,100%,non-white,192.0,0.015452539,
98,prison,probation,100%,non-white,204.0,0.019131713999999998,
99,prison,probation,100%,non-white,216.0,0.030905077000000003,
100,prison,probation,100%,non-white,228.0,0.023546726,
101,prison,probation,100%,non-white,240.0,0.020603385,
102,prison,probation,100%,non-white,252.0,0.023546726,
103,prison,probation,100%,non-white,264.0,0.02281089,
104,prison,probation,100%,non-white,276.0,0.030169242000000002,
105,prison,probation,100%,non-white,288.0,0.024282561,
106,prison,probation,100%,non-white,300.0,0.020603385,
107,prison,probation,100%,non-white,312.0,0.027225901,
108,prison,probation,100%,non-white,324.0,0.025018396000000002,
109,prison,probation,100%,non-white,336.0,0.027225901,
110,prison,probation,100%,non-white,348.0,0.016924209,
111,prison,probation,100%,non-white,360.0,0.018395879,
112,prison,probation,100%,non-white,372.0,0.015452539,
113,prison,probation,100%,non-white,384.0,0.014716703000000001,
114,prison,probation,100%,non-white,396.0,0.02281089,
115,prison,probation,100%,non-white,408.0,0.015452539,
116,prison,probation,100%,non-white,420.0,0.016188374,
117,prison,probation,100%,non-white,432.0,0.014716703000000001,
118,prison,probation,100%,non-white,444.0,0.022075055,
119,prison,probation,100%,non-white,456.0,0.019131713999999998,
120,prison,probation,100%,non-white,468.0,0.014716703000000001,
121,prison,probation,100%,non-white,480.0,0.015452539,
122,prison,probation,100%,non-white,492.0,0.013980868,
123,prison,probation,100%,non-white,504.0,0.016188374,
124,prison,probation,100%,non-white,516.0,0.022075055,
125,prison,probation,100%,non-white,528.0,0.024282561,
126,prison,probation,100%,non-white,540.0,0.013980868,
127,prison,probation,100%,non-white,552.0,0.016188374,
128,prison,probation,100%,non-white,564.0,0.019131713999999998,
129,prison,probation,100%,non-white,576.0,0.01986755,
130,prison,probation,100%,non-white,588.0,0.011773363,
131,prison,probation,100%,non-white,600.0,0.013245033,
132,prison,probation,100%,non-white,612.0,0.014716703000000001,
133,prison,probation,100%,non-white,624.0,0.016924209,
134,prison,probation,100%,non-white,636.0,0.020603385,
135,prison,probation,100%,non-white,648.0,0.014716703000000001,
136,prison,probation,100%,non-white,660.0,0.012509198000000001,
137,prison,probation,100%,non-white,672.0,0.017660044,
138,prison,probation,100%,non-white,684.0,0.018395879,
139,prison,probation,100%,non-white,696.0,0.022075055,
140,prison,probation,100%,non-white,708.0,0.011037528000000001,
141,prison,probation,100%,non-white,720.0,0.007358351999999999,
142,prison,probation,100%,non-white,732.0,0.009565856999999999,
143,prison,probation,100%,non-white,744.0,0.007358351999999999,
144,prison,probation,100%,non-white,756.0,0.006622517,
145,prison,probation,100%,non-white,768.0,0.009565856999999999,
146,prison,probation,100%,non-white,780.0,0.006622517,
147,prison,probation,100%,non-white,792.0,0.0058866809999999995,
148,prison,probation,100%,non-white,804.0,0.007358351999999999,
149,prison,probation,100%,non-white,816.0,0.0036791759999999997,
150,prison,probation,100%,non-white,828.0,0.008094187,
151,prison,probation,100%,non-white,840.0,0.002943341,
152,prison,probation,100%,non-white,852.0,0.008094187,
153,prison,probation,100%,non-white,864.0,0.002943341,
154,prison,probation,100%,non-white,876.0,0.0058866809999999995,
155,prison,probation,100%,non-white,888.0,0.0058866809999999995,
156,prison,probation,100%,non-white,900.0,0.0058866809999999995,
157,prison,probation,100%,non-white,912.0,0.005150846,
158,prison,probation,100%,non-white,924.0,0.005150846,
159,prison,probation,100%,non-white,936.0,0.004415011,
160,prison,probation,100%,non-white,948.0,0.002207506,
161,prison,probation,100%,non-white,960.0,0.00147167,
162,prison,probation,85%,white,0.0,0.0,
163,prison,probation,85%,white,12.0,0.020231213999999997,
164,prison,probation,85%,white,24.0,0.12138728300000001,
165,prison,probation,85%,white,36.0,0.101156069,
166,prison,probation,85%,white,48.0,0.10404624300000001,
167,prison,probation,85%,white,60.0,0.08959537599999999,
168,prison,probation,85%,white,72.0,0.057803468,
169,prison,probation,85%,white,84.0,0.075144509,
170,prison,probation,85%,white,96.0,0.052023121,
171,prison,probation,85%,white,108.0,0.043352601,
172,prison,probation,85%,white,120.0,0.028901734,
173,prison,probation,85%,white,132.0,0.028901734,
174,prison,probation,85%,white,144.0,0.026011561000000002,
175,prison,probation,85%,white,156.0,0.01734104,
176,prison,probation,85%,white,168.0,0.028901734,
177,prison,probation,85%,white,180.0,0.026011561000000002,
178,prison,probation,85%,white,192.0,0.014450867,
179,prison,probation,85%,white,204.0,0.014450867,
180,prison,probation,85%,white,216.0,0.002890173,
181,prison,probation,85%,white,228.0,0.005780347,
182,prison,probation,85%,white,240.0,0.020231213999999997,
183,prison,probation,85%,white,252.0,0.01734104,
184,prison,probation,85%,white,264.0,0.011560694,
185,prison,probation,85%,white,276.0,0.002890173,
186,prison,probation,85%,white,288.0,0.00867052,
187,prison,probation,85%,white,300.0,0.011560694,
188,prison,probation,85%,white,312.0,0.0,
189,prison,probation,85%,white,324.0,0.00867052,
190,prison,probation,85%,white,336.0,0.0,
191,prison,probation,85%,white,348.0,0.005780347,
192,prison,probation,85%,white,360.0,0.0,
193,prison,probation,85%,white,372.0,0.002890173,
194,prison,probation,85%,white,384.0,0.0,
195,prison,probation,85%,white,396.0,0.002890173,
196,prison,probation,85%,white,408.0,0.0,
197,prison,probation,85%,white,420.0,0.0,
198,prison,probation,85%,white,432.0,0.005780347,
199,prison,probation,85%,white,444.0,0.0,
200,prison,probation,85%,white,456.0,0.002890173,
201,prison,probation,85%,white,468.0,0.002890173,
202,prison,probation,85%,white,480.0,0.0,
203,prison,probation,85%,white,492.0,0.002890173,
204,prison,probation,85%,white,504.0,0.002890173,
205,prison,probation,85%,white,516.0,0.0,
206,prison,probation,85%,white,528.0,0.0,
207,prison,probation,85%,white,540.0,0.0,
208,prison,probation,85%,white,552.0,0.0,
209,prison,probation,85%,white,564.0,0.002890173,
210,prison,probation,85%,white,576.0,0.0,
211,prison,probation,85%,white,588.0,0.002890173,
212,prison,probation,85%,white,600.0,0.002890173,
213,prison,probation,85%,white,612.0,0.0,
214,prison,probation,85%,white,624.0,0.0,
215,prison,probation,85%,white,636.0,0.0,
216,prison,probation,85%,white,648.0,0.0,
217,prison,probation,85%,white,660.0,0.0,
218,prison,probation,85%,white,672.0,0.0,
219,prison,probation,85%,white,684.0,0.002890173,
220,prison,probation,85%,white,696.0,0.0,
221,prison,probation,85%,white,708.0,0.0,
222,prison,probation,85%,white,720.0,0.0,
223,prison,probation,85%,white,732.0,0.002890173,
224,prison,probation,85%,white,744.0,0.0,
225,prison,probation,85%,white,756.0,0.0,
226,prison,probation,85%,white,768.0,0.002890173,
227,prison,probation,85%,white,780.0,0.0,
228,prison,probation,85%,white,792.0,0.002890173,
229,prison,probation,85%,white,804.0,0.002890173,
230,prison,probation,85%,white,816.0,0.002890173,
231,prison,probation,85%,white,828.0,0.002890173,
232,prison,probation,85%,white,840.0,0.0,
233,prison,probation,85%,white,852.0,0.0,
234,prison,probation,85%,white,864.0,0.002890173,
235,prison,probation,85%,white,876.0,0.0,
236,prison,probation,85%,white,888.0,0.0,
237,prison,probation,85%,white,900.0,0.0,
238,prison,probation,85%,white,912.0,0.0,
239,prison,probation,85%,white,924.0,0.0,
240,prison,probation,85%,white,936.0,0.0,
241,prison,probation,85%,white,948.0,0.0,
242,prison,probation,85%,white,960.0,0.0,
243,prison,probation,85%,non-white,0.0,0.0,
244,prison,probation,85%,non-white,12.0,0.021216407000000003,
245,prison,probation,85%,non-white,24.0,0.079207921,
246,prison,probation,85%,non-white,36.0,0.11456860000000002,
247,prison,probation,85%,non-white,48.0,0.12446959,
248,prison,probation,85%,non-white,60.0,0.11315417300000001,
249,prison,probation,85%,non-white,72.0,0.080622348,
250,prison,probation,85%,non-white,84.0,0.091937765,
251,prison,probation,85%,non-white,96.0,0.04950495,
252,prison,probation,85%,non-white,108.0,0.050919378,
253,prison,probation,85%,non-white,120.0,0.032531825,
254,prison,probation,85%,non-white,132.0,0.032531825,
255,prison,probation,85%,non-white,144.0,0.024045262,
256,prison,probation,85%,non-white,156.0,0.01980198,
257,prison,probation,85%,non-white,168.0,0.018387553,
258,prison,probation,85%,non-white,180.0,0.021216407000000003,
259,prison,probation,85%,non-white,192.0,0.018387553,
260,prison,probation,85%,non-white,204.0,0.004243281,
261,prison,probation,85%,non-white,216.0,0.007072136,
262,prison,probation,85%,non-white,228.0,0.016973126,
263,prison,probation,85%,non-white,240.0,0.008486563,
264,prison,probation,85%,non-white,252.0,0.005657709,
265,prison,probation,85%,non-white,264.0,0.00990099,
266,prison,probation,85%,non-white,276.0,0.004243281,
267,prison,probation,85%,non-white,288.0,0.0014144270000000002,
268,prison,probation,85%,non-white,300.0,0.004243281,
269,prison,probation,85%,non-white,312.0,0.0014144270000000002,
270,prison,probation,85%,non-white,324.0,0.0028288540000000004,
271,prison,probation,85%,non-white,336.0,0.0028288540000000004,
272,prison,probation,85%,non-white,348.0,0.0028288540000000004,
273,prison,probation,85%,non-white,360.0,0.0028288540000000004,
274,prison,probation,85%,non-white,372.0,0.0014144270000000002,
275,prison,probation,85%,non-white,384.0,0.0014144270000000002,
276,prison,probation,85%,non-white,396.0,0.0014144270000000002,
277,prison,probation,85%,non-white,408.0,0.0014144270000000002,
278,prison,probation,85%,non-white,420.0,0.0,
279,prison,probation,85%,non-white,432.0,0.0,
280,prison,probation,85%,non-white,444.0,0.0014144270000000002,
281,prison,probation,85%,non-white,456.0,0.0014144270000000002,
282,prison,probation,85%,non-white,468.0,0.0014144270000000002,
283,prison,probation,85%,non-white,480.0,0.004243281,
284,prison,probation,85%,non-white,492.0,0.0014144270000000002,
285,prison,probation,85%,non-white,504.0,0.0,
286,prison,probation,85%,non-white,516.0,0.0014144270000000002,
287,prison,probation,85%,non-white,528.0,0.0,
288,prison,probation,85%,non-white,540.0,0.0,
289,prison,probation,85%,non-white,552.0,0.0,
290,prison,probation,85%,non-white,564.0,0.0,
291,prison,probation,85%,non-white,576.0,0.0,
292,prison,probation,85%,non-white,588.0,0.0014144270000000002,
293,prison,probation,85%,non-white,600.0,0.0,
294,prison,probation,85%,non-white,612.0,0.0,
295,prison,probation,85%,non-white,624.0,0.0028288540000000004,
296,prison,probation,85%,non-white,636.0,0.0,
297,prison,probation,85%,non-white,648.0,0.0,
298,prison,probation,85%,non-white,660.0,0.0,
299,prison,probation,85%,non-white,672.0,0.0014144270000000002,
300,prison,probation,85%,non-white,684.0,0.0,
301,prison,probation,85%,non-white,696.0,0.0014144270000000002,
302,prison,probation,85%,non-white,708.0,0.0014144270000000002,
303,prison,probation,85%,non-white,720.0,0.0,
304,prison,probation,85%,non-white,732.0,0.0,
305,prison,probation,85%,non-white,744.0,0.0,
306,prison,probation,85%,non-white,756.0,0.0,
307,prison,probation,85%,non-white,768.0,0.0,
308,prison,probation,85%,non-white,780.0,0.0014144270000000002,
309,prison,probation,85%,non-white,792.0,0.0014144270000000002,
310,prison,probation,85%,non-white,804.0,0.0014144270000000002,
311,prison,probation,85%,non-white,816.0,0.0014144270000000002,
312,prison,probation,85%,non-white,828.0,0.0,
313,prison,probation,85%,non-white,840.0,0.0,
314,prison,probation,85%,non-white,852.0,0.0,
315,prison,probation,85%,non-white,864.0,0.0,
316,prison,probation,85%,non-white,876.0,0.0,
317,prison,probation,85%,non-white,888.0,0.0,
318,prison,probation,85%,non-white,900.0,0.0,
319,prison,probation,85%,non-white,912.0,0.0,
320,prison,probation,85%,non-white,924.0,0.0014144270000000002,
321,prison,probation,85%,non-white,936.0,0.0,
322,prison,probation,85%,non-white,948.0,0.0,
323,prison,probation,85%,non-white,960.0,0.0,
324,prison,probation,75%,white,0.0,0.0,
325,prison,probation,75%,white,12.0,0.011904762,
326,prison,probation,75%,white,24.0,0.023809524,
327,prison,probation,75%,white,36.0,0.083333333,
328,prison,probation,75%,white,48.0,0.113095238,
329,prison,probation,75%,white,60.0,0.113095238,
330,prison,probation,75%,white,72.0,0.113095238,
331,prison,probation,75%,white,84.0,0.125,
332,prison,probation,75%,white,96.0,0.083333333,
333,prison,probation,75%,white,108.0,0.077380952,
334,prison,probation,75%,white,120.0,0.05952381,
335,prison,probation,75%,white,132.0,0.071428571,
336,prison,probation,75%,white,144.0,0.029761905,
337,prison,probation,75%,white,156.0,0.035714286,
338,prison,probation,75%,white,168.0,0.029761905,
339,prison,probation,75%,white,180.0,0.0,
340,prison,probation,75%,white,192.0,0.0,
341,prison,probation,75%,white,204.0,0.011904762,
342,prison,probation,75%,white,216.0,0.0,
343,prison,probation,75%,white,228.0,0.005952381,
344,prison,probation,75%,white,240.0,0.0,
345,prison,probation,75%,white,252.0,0.0,
346,prison,probation,75%,white,264.0,0.005952381,
347,prison,probation,75%,white,276.0,0.0,
348,prison,probation,75%,white,288.0,0.0,
349,prison,probation,75%,white,300.0,0.0,
350,prison,probation,75%,white,312.0,0.0,
351,prison,probation,75%,white,324.0,0.0,
352,prison,probation,75%,white,336.0,0.0,
353,prison,probation,75%,white,348.0,0.005952381,
354,prison,probation,75%,white,360.0,0.0,
355,prison,probation,75%,non-white,0.0,0.0,
356,prison,probation,75%,non-white,12.0,0.010714286000000002,
357,prison,probation,75%,non-white,24.0,0.032142857000000004,
358,prison,probation,75%,non-white,36.0,0.071428571,
359,prison,probation,75%,non-white,48.0,0.046428570999999995,
360,prison,probation,75%,non-white,60.0,0.089285714,
361,prison,probation,75%,non-white,72.0,0.132142857,
362,prison,probation,75%,non-white,84.0,0.175,
363,prison,probation,75%,non-white,96.0,0.121428571,
364,prison,probation,75%,non-white,108.0,0.075,
365,prison,probation,75%,non-white,120.0,0.057142857000000005,
366,prison,probation,75%,non-white,132.0,0.039285714,
367,prison,probation,75%,non-white,144.0,0.010714286000000002,
368,prison,probation,75%,non-white,156.0,0.025,
369,prison,probation,75%,non-white,168.0,0.010714286000000002,
370,prison,probation,75%,non-white,180.0,0.025,
371,prison,probation,75%,non-white,192.0,0.010714286000000002,
372,prison,probation,75%,non-white,204.0,0.014285714,
373,prison,probation,75%,non-white,216.0,0.017857143,
374,prison,probation,75%,non-white,228.0,0.010714286000000002,
375,prison,probation,75%,non-white,240.0,0.003571429,
376,prison,probation,75%,non-white,252.0,0.0,
377,prison,probation,75%,non-white,264.0,0.007142857,
378,prison,probation,75%,non-white,276.0,0.0,
379,prison,probation,75%,non-white,288.0,0.0,
380,prison,probation,75%,non-white,300.0,0.007142857,
381,prison,probation,75%,non-white,312.0,0.007142857,
382,prison,probation,75%,non-white,324.0,0.0,
383,prison,probation,75%,non-white,336.0,0.0,
384,prison,probation,75%,non-white,348.0,0.0,
385,prison,probation,75%,non-white,360.0,0.0,
0,probation,release,100%,white,36.0,0.584,
1,probation,release,100%,non-white,36.0,0.584,
2,probation,release,85%,white,36.0,0.584,
3,probation,release,85%,non-white,36.0,0.584,
4,probation,release,75%,white,36.0,0.584,
5,probation,release,75%,non-white,36.0,0.584,
6,probation,prison,100%,white,12.0,0.244,
7,probation,prison,100%,non-white,12.0,0.244,
8,probation,prison,85%,white,12.0,0.244,
9,probation,prison,85%,non-white,12.0,0.244,
10,probation,prison,75%,white,12.0,0.244,
11,probation,prison,75%,non-white,12.0,0.244,
12,probation,prison,100%,white,24.0,0.11699999999999999,
13,probation,prison,100%,non-white,24.0,0.11699999999999999,
14,probation,prison,85%,white,24.0,0.11699999999999999,
15,probation,prison,85%,non-white,24.0,0.11699999999999999,
16,probation,prison,75%,white,24.0,0.11699999999999999,
17,probation,prison,75%,non-white,24.0,0.11699999999999999,
18,probation,prison,100%,white,36.0,0.055,
19,probation,prison,100%,non-white,36.0,0.055,
20,probation,prison,85%,white,36.0,0.055,
21,probation,prison,85%,non-white,36.0,0.055,
22,probation,prison,75%,white,36.0,0.055,
23,probation,prison,75%,non-white,36.0,0.055,
0,release,release,100%,white,960.0,1.0,
1,release,release,100%,non-white,960.0,1.0,
2,release,release,85%,white,960.0,1.0,
3,release,release,85%,non-white,960.0,1.0,
4,release,release,75%,white,960.0,1.0,
5,release,release,75%,non-white,960.0,1.0,
0,pretrial,prison,100%,white,,4.0,0.0
1,pretrial,prison,100%,white,,4.0,1.0
2,pretrial,prison,100%,white,,4.0,2.0
3,pretrial,prison,100%,white,,4.0,3.0
4,pretrial,prison,100%,white,,4.0,4.0
5,pretrial,prison,100%,white,,4.0,5.0
6,pretrial,prison,100%,white,,4.0,6.0
7,pretrial,prison,100%,white,,4.0,7.0
8,pretrial,prison,100%,white,,4.0,8.0
9,pretrial,prison,100%,white,,4.0,9.0
10,pretrial,prison,100%,white,,4.0,10.0
11,pretrial,prison,100%,white,,4.0,11.0
12,pretrial,prison,100%,non-white,,15.583333333333334,0.0
13,pretrial,prison,100%,non-white,,15.583333333333334,1.0
14,pretrial,prison,100%,non-white,,15.583333333333334,2.0
15,pretrial,prison,100%,non-white,,15.583333333333334,3.0
16,pretrial,prison,100%,non-white,,15.583333333333334,4.0
17,pretrial,prison,100%,non-white,,15.583333333333334,5.0
18,pretrial,prison,100%,non-white,,15.583333333333334,6.0
19,pretrial,prison,100%,non-white,,15.583333333333334,7.0
20,pretrial,prison,100%,non-white,,15.583333333333334,8.0
21,pretrial,prison,100%,non-white,,15.583333333333334,9.0
22,pretrial,prison,100%,non-white,,15.583333333333334,10.0
23,pretrial,prison,100%,non-white,,15.583333333333334,11.0
24,pretrial,prison,85%,white,,22.666666666666668,0.0
25,pretrial,prison,85%,white,,22.666666666666668,1.0
26,pretrial,prison,85%,white,,22.666666666666668,2.0
27,pretrial,prison,85%,white,,22.666666666666668,3.0
28,pretrial,prison,85%,white,,22.666666666666668,4.0
29,pretrial,prison,85%,white,,22.666666666666668,5.0
30,pretrial,prison,85%,white,,22.666666666666668,6.0
31,pretrial,prison,85%,white,,22.666666666666668,7.0
32,pretrial,prison,85%,white,,22.666666666666668,8.0
33,pretrial,prison,85%,white,,22.666666666666668,9.0
34,pretrial,prison,85%,white,,22.666666666666668,10.0
35,pretrial,prison,85%,white,,22.666666666666668,11.0
36,pretrial,prison,85%,non-white,,63.833333333333336,0.0
37,pretrial,prison,85%,non-white,,63.833333333333336,1.0
38,pretrial,prison,85%,non-white,,63.833333333333336,2.0
39,pretrial,prison,85%,non-white,,63.833333333333336,3.0
40,pretrial,prison,85%,non-white,,63.833333333333336,4.0
41,pretrial,prison,85%,non-white,,63.833333333333336,5.0
42,pretrial,prison,85%,non-white,,63.833333333333336,6.0
43,pretrial,prison,85%,non-white,,63.833333333333336,7.0
44,pretrial,prison,85%,non-white,,63.833333333333336,8.0
45,pretrial,prison,85%,non-white,,63.833333333333336,9.0
46,pretrial,prison,85%,non-white,,63.833333333333336,10.0
47,pretrial,prison,85%,non-white,,63.833333333333336,11.0
48,pretrial,prison,75%,white,,2.25,0.0
49,pretrial,prison,75%,white,,2.25,1.0
50,pretrial,prison,75%,white,,2.25,2.0
51,pretrial,prison,75%,white,,2.25,3.0
52,pretrial,prison,75%,white,,2.25,4.0
53,pretrial,prison,75%,white,,2.25,5.0
54,pretrial,prison,75%,white,,2.25,6.0
55,pretrial,prison,75%,white,,2.25,7.0
56,pretrial,prison,75%,white,,2.25,8.0
57,pretrial,prison,75%,white,,2.25,9.0
58,pretrial,prison,75%,white,,2.25,10.0
59,pretrial,prison,75%,white,,2.25,11.0
60,pretrial,prison,75%,non-white,,4.25,0.0
61,pretrial,prison,75%,non-white,,4.25,1.0
62,pretrial,prison,75%,non-white,,4.25,2.0
63,pretrial,prison,75%,non-white,,4.25,3.0
64,pretrial,prison,75%,non-white,,4.25,4.0
65,pretrial,prison,75%,non-white,,4.25,5.0
66,pretrial,prison,75%,non-white,,4.25,6.0
67,pretrial,prison,75%,non-white,,4.25,7.0
68,pretrial,prison,75%,non-white,,4.25,8.0
69,pretrial,prison,75%,non-white,,4.25,9.0
70,pretrial,prison,75%,non-white,,4.25,10.0
71,pretrial,prison,75%,non-white,,4.25,11.0
0,pretrial,prison,100%,white,,3.5833333333333335,12.0
1,pretrial,prison,100%,white,,3.5833333333333335,13.0
2,pretrial,prison,100%,white,,3.5833333333333335,14.0
3,pretrial,prison,100%,white,,3.5833333333333335,15.0
4,pretrial,prison,100%,white,,3.5833333333333335,16.0
5,pretrial,prison,100%,white,,3.5833333333333335,17.0
6,pretrial,prison,100%,white,,3.5833333333333335,18.0
7,pretrial,prison,100%,white,,3.5833333333333335,19.0
8,pretrial,prison,100%,white,,3.5833333333333335,20.0
9,pretrial,prison,100%,white,,3.5833333333333335,21.0
10,pretrial,prison,100%,white,,3.5833333333333335,22.0
11,pretrial,prison,100%,white,,3.5833333333333335,23.0
12,pretrial,prison,100%,non-white,,13.416666666666666,12.0
13,pretrial,prison,100%,non-white,,13.416666666666666,13.0
14,pretrial,prison,100%,non-white,,13.416666666666666,14.0
15,pretrial,prison,100%,non-white,,13.416666666666666,15.0
16,pretrial,prison,100%,non-white,,13.416666666666666,16.0
17,pretrial,prison,100%,non-white,,13.416666666666666,17.0
18,pretrial,prison,100%,non-white,,13.416666666666666,18.0
19,pretrial,prison,100%,non-white,,13.416666666666666,19.0
20,pretrial,prison,100%,non-white,,13.416666666666666,20.0
21,pretrial,prison,100%,non-white,,13.416666666666666,21.0
22,pretrial,prison,100%,non-white,,13.416666666666666,22.0
23,pretrial,prison,100%,non-white,,13.416666666666666,23.0
24,pretrial,prison,85%,white,,22.333333333333332,12.0
25,pretrial,prison,85%,white,,22.333333333333332,13.0
26,pretrial,prison,85%,white,,22.333333333333332,14.0
27,pretrial,prison,85%,white,,22.333333333333332,15.0
28,pretrial,prison,85%,white,,22.333333333333332,16.0
29,pretrial,prison,85%,white,,22.333333333333332,17.0
30,pretrial,prison,85%,white,,22.333333333333332,18.0
31,pretrial,prison,85%,white,,22.333333333333332,19.0
32,pretrial,prison,85%,white,,22.333333333333332,20.0
33,pretrial,prison,85%,white,,22.333333333333332,21.0
34,pretrial,prison,85%,white,,22.333333333333332,22.0
35,pretrial,prison,85%,white,,22.333333333333332,23.0
36,pretrial,prison,85%,non-white,,66.41666666666667,12.0
37,pretrial,prison,85%,non-white,,66.41666666666667,13.0
38,pretrial,prison,85%,non-white,,66.41666666666667,14.0
39,pretrial,prison,85%,non-white,,66.41666666666667,15.0
40,pretrial,prison,85%,non-white,,66.41666666666667,16.0
41,pretrial,prison,85%,non-white,,66.41666666666667,17.0
42,pretrial,prison,85%,non-white,,66.41666666666667,18.0
43,pretrial,prison,85%,non-white,,66.41666666666667,19.0
44,pretrial,prison,85%,non-white,,66.41666666666667,20.0
45,pretrial,prison,85%,non-white,,66.41666666666667,21.0
46,pretrial,prison,85%,non-white,,66.41666666666667,22.0
47,pretrial,prison,85%,non-white,,66.41666666666667,23.0
48,pretrial,prison,75%,white,,2.0,12.0
49,pretrial,prison,75%,white,,2.0,13.0
50,pretrial,prison,75%,white,,2.0,14.0
51,pretrial,prison,75%,white,,2.0,15.0
52,pretrial,prison,75%,white,,2.0,16.0
53,pretrial,prison,75%,white,,2.0,17.0
54,pretrial,prison,75%,white,,2.0,18.0
55,pretrial,prison,75%,white,,2.0,19.0
56,pretrial,prison,75%,white,,2.0,20.0
57,pretrial,prison,75%,white,,2.0,21.0
58,pretrial,prison,75%,white,,2.0,22.0
59,pretrial,prison,75%,white,,2.0,23.0
60,pretrial,prison,75%,non-white,,3.25,12.0
61,pretrial,prison,75%,non-white,,3.25,13.0
62,pretrial,prison,75%,non-white,,3.25,14.0
63,pretrial,prison,75%,non-white,,3.25,15.0
64,pretrial,prison,75%,non-white,,3.25,16.0
65,pretrial,prison,75%,non-white,,3.25,17.0
66,pretrial,prison,75%,non-white,,3.25,18.0
67,pretrial,prison,75%,non-white,,3.25,19.0
68,pretrial,prison,75%,non-white,,3.25,20.0
69,pretrial,prison,75%,non-white,,3.25,21.0
70,pretrial,prison,75%,non-white,,3.25,22.0
71,pretrial,prison,75%,non-white,,3.25,23.0
0,pretrial,prison,100%,white,,2.75,24.0
1,pretrial,prison,100%,white,,2.75,25.0
2,pretrial,prison,100%,white,,2.75,26.0
3,pretrial,prison,100%,white,,2.75,27.0
4,pretrial,prison,100%,white,,2.75,28.0
5,pretrial,prison,100%,white,,2.75,29.0
6,pretrial,prison,100%,white,,2.75,30.0
7,pretrial,prison,100%,white,,2.75,31.0
8,pretrial,prison,100%,white,,2.75,32.0
9,pretrial,prison,100%,white,,2.75,33.0
10,pretrial,prison,100%,white,,2.75,34.0
11,pretrial,prison,100%,white,,2.75,35.0
12,pretrial,prison,100%,non-white,,13.583333333333334,24.0
13,pretrial,prison,100%,non-white,,13.583333333333334,25.0
14,pretrial,prison,100%,non-white,,13.583333333333334,26.0
15,pretrial,prison,100%,non-white,,13.583333333333334,27.0
16,pretrial,prison,100%,non-white,,13.583333333333334,28.0
17,pretrial,prison,100%,non-white,,13.583333333333334,29.0
18,pretrial,prison,100%,non-white,,13.583333333333334,30.0
19,pretrial,prison,100%,non-white,,13.583333333333334,31.0
20,pretrial,prison,100%,non-white,,13.583333333333334,32.0
21,pretrial,prison,100%,non-white,,13.583333333333334,33.0
22,pretrial,prison,100%,non-white,,13.583333333333334,34.0
23,pretrial,prison,100%,non-white,,13.583333333333334,35.0
24,pretrial,prison,85%,white,,25.5,24.0
25,pretrial,prison,85%,white,,25.5,25.0
26,pretrial,prison,85%,white,,25.5,26.0
27,pretrial,prison,85%,white,,25.5,27.0
28,pretrial,prison,85%,white,,25.5,28.0
29,pretrial,prison,85%,white,,25.5,29.0
30,pretrial,prison,85%,white,,25.5,30.0
31,pretrial,prison,85%,white,,25.5,31.0
32,pretrial,prison,85%,white,,25.5,32.0
33,pretrial,prison,85%,white,,25.5,33.0
34,pretrial,prison,85%,white,,25.5,34.0
35,pretrial,prison,85%,white,,25.5,35.0
36,pretrial,prison,85%,non-white,,67.16666666666667,24.0
37,pretrial,prison,85%,non-white,,67.16666666666667,25.0
38,pretrial,prison,85%,non-white,,67.16666666666667,26.0
39,pretrial,prison,85%,non-white,,67.16666666666667,27.0
40,pretrial,prison,85%,non-white,,67.16666666666667,28.0
41,pretrial,prison,85%,non-white,,67.16666666666667,29.0
42,pretrial,prison,85%,non-white,,67.16666666666667,30.0
43,pretrial,prison,85%,non-white,,67.16666666666667,31.0
44,pretrial,prison,85%,non-white,,67.16666666666667,32.0
45,pretrial,prison,85%,non-white,,67.16666666666667,33.0
46,pretrial,prison,85%,non-white,,67.16666666666667,34.0
47,pretrial,prison,85%,non-white,,67.16666666666667,35.0
48,pretrial,prison,75%,white,,1.0833333333333333,24.0
49,pretrial,prison,75%,white,,1.0833333333333333,25.0
50,pretrial,prison,75%,white,,1.0833333333333333,26.0
51,pretrial,prison,75%,white,,1.0833333333333333,27.0
52,pretrial,prison,75%,white,,1.0833333333333333,28.0
53,pretrial,prison,75%,white,,1.0833333333333333,29.0
54,pretrial,prison,75%,white,,1.0833333333333333,30.0
55,pretrial,prison,75%,white,,1.0833333333333333,31.0
56,pretrial,prison,75%,white,,1.0833333333333333,32.0
57,pretrial,prison,75%,white,,1.0833333333333333,33.0
58,pretrial,prison,75%,white,,1.0833333333333333,34.0
59,pretrial,prison,75%,white,,1.0833333333333333,35.0
60,pretrial,prison,75%,non-white,,3.1666666666666665,24.0
61,pretrial,prison,75%,non-white,,3.1666666666666665,25.0
62,pretrial,prison,75%,non-white,,3.1666666666666665,26.0
63,pretrial,prison,75%,non-white,,3.1666666666666665,27.0
64,pretrial,prison,75%,non-white,,3.1666666666666665,28.0
65,pretrial,prison,75%,non-white,,3.1666666666666665,29.0
66,pretrial,prison,75%,non-white,,3.1666666666666665,30.0
67,pretrial,prison,75%,non-white,,3.1666666666666665,31.0
68,pretrial,prison,75%,non-white,,3.1666666666666665,32.0
69,pretrial,prison,75%,non-white,,3.1666666666666665,33.0
70,pretrial,prison,75%,non-white,,3.1666666666666665,34.0
71,pretrial,prison,75%,non-white,,3.1666666666666665,35.0
0,pretrial,prison,100%,white,,3.0,36.0
1,pretrial,prison,100%,white,,3.0,37.0
2,pretrial,prison,100%,white,,3.0,38.0
3,pretrial,prison,100%,white,,3.0,39.0
4,pretrial,prison,100%,white,,3.0,40.0
5,pretrial,prison,100%,white,,3.0,41.0
6,pretrial,prison,100%,white,,3.0,42.0
7,pretrial,prison,100%,white,,3.0,43.0
8,pretrial,prison,100%,white,,3.0,44.0
9,pretrial,prison,100%,white,,3.0,45.0
10,pretrial,prison,100%,white,,3.0,46.0
11,pretrial,prison,100%,white,,3.0,47.0
12,pretrial,prison,100%,non-white,,14.5,36.0
13,pretrial,prison,100%,non-white,,14.5,37.0
14,pretrial,prison,100%,non-white,,14.5,38.0
15,pretrial,prison,100%,non-white,,14.5,39.0
16,pretrial,prison,100%,non-white,,14.5,40.0
17,pretrial,prison,100%,non-white,,14.5,41.0
18,pretrial,prison,100%,non-white,,14.5,42.0
19,pretrial,prison,100%,non-white,,14.5,43.0
20,pretrial,prison,100%,non-white,,14.5,44.0
21,pretrial,prison,100%,non-white,,14.5,45.0
22,pretrial,prison,100%,non-white,,14.5,46.0
23,pretrial,prison,100%,non-white,,14.5,47.0
24,pretrial,prison,85%,white,,30.416666666666668,36.0
25,pretrial,prison,85%,white,,30.416666666666668,37.0
26,pretrial,prison,85%,white,,30.416666666666668,38.0
27,pretrial,prison,85%,white,,30.416666666666668,39.0
28,pretrial,prison,85%,white,,30.416666666666668,40.0
29,pretrial,prison,85%,white,,30.416666666666668,41.0
30,pretrial,prison,85%,white,,30.416666666666668,42.0
31,pretrial,prison,85%,white,,30.416666666666668,43.0
32,pretrial,prison,85%,white,,30.416666666666668,44.0
33,pretrial,prison,85%,white,,30.416666666666668,45.0
34,pretrial,prison,85%,white,,30.416666666666668,46.0
35,pretrial,prison,85%,white,,30.416666666666668,47.0
36,pretrial,prison,85%,non-white,,78.33333333333333,36.0
37,pretrial,prison,85%,non-white,,78.33333333333333,37.0
38,pretrial,prison,85%,non-white,,78.33333333333333,38.0
39,pretrial,prison,85%,non-white,,78.33333333333333,39.0
40,pretrial,prison,85%,non-white,,78.33333333333333,40.0
41,pretrial,prison,85%,non-white,,78.33333333333333,41.0
42,pretrial,prison,85%,non-white,,78.33333333333333,42.0
43,pretrial,prison,85%,non-white,,78.33333333333333,43.0
44,pretrial,prison,85%,non-white,,78.33333333333333,44.0
45,pretrial,prison,85%,non-white,,78.33333333333333,45.0
46,pretrial,prison,85%,non-white,,78.33333333333333,46.0
47,pretrial,prison,85%,non-white,,78.33333333333333,47.0
48,pretrial,prison,75%,white,,0.0,36.0
49,pretrial,prison,75%,white,,0.0,37.0
50,pretrial,prison,75%,white,,0.0,38.0
51,pretrial,prison,75%,white,,0.0,39.0
52,pretrial,prison,75%,white,,0.0,40.0
53,pretrial,prison,75%,white,,0.0,41.0
54,pretrial,prison,75%,white,,0.0,42.0
55,pretrial,prison,75%,white,,0.0,43.0
56,pretrial,prison,75%,white,,0.0,44.0
57,pretrial,prison,75%,white,,0.0,45.0
58,pretrial,prison,75%,white,,0.0,46.0
59,pretrial,prison,75%,white,,0.0,47.0
60,pretrial,prison,75%,non-white,,0.0,36.0
61,pretrial,prison,75%,non-white,,0.0,37.0
62,pretrial,prison,75%,non-white,,0.0,38.0
63,pretrial,prison,75%,non-white,,0.0,39.0
64,pretrial,prison,75%,non-white,,0.0,40.0
65,pretrial,prison,75%,non-white,,0.0,41.0
66,pretrial,prison,75%,non-white,,0.0,42.0
67,pretrial,prison,75%,non-white,,0.0,43.0
68,pretrial,prison,75%,non-white,,0.0,44.0
69,pretrial,prison,75%,non-white,,0.0,45.0
70,pretrial,prison,75%,non-white,,0.0,46.0
71,pretrial,prison,75%,non-white,,0.0,47.0
0,pretrial,prison,100%,white,,2.5833333333333335,48.0
1,pretrial,prison,100%,white,,2.5833333333333335,49.0
2,pretrial,prison,100%,white,,2.5833333333333335,50.0
3,pretrial,prison,100%,white,,2.5833333333333335,51.0
4,pretrial,prison,100%,white,,2.5833333333333335,52.0
5,pretrial,prison,100%,white,,2.5833333333333335,53.0
6,pretrial,prison,100%,white,,2.5833333333333335,54.0
7,pretrial,prison,100%,white,,2.5833333333333335,55.0
8,pretrial,prison,100%,white,,2.5833333333333335,56.0
9,pretrial,prison,100%,white,,2.5833333333333335,57.0
10,pretrial,prison,100%,white,,2.5833333333333335,58.0
11,pretrial,prison,100%,white,,2.5833333333333335,59.0
12,pretrial,prison,100%,non-white,,11.416666666666666,48.0
13,pretrial,prison,100%,non-white,,11.416666666666666,49.0
14,pretrial,prison,100%,non-white,,11.416666666666666,50.0
15,pretrial,prison,100%,non-white,,11.416666666666666,51.0
16,pretrial,prison,100%,non-white,,11.416666666666666,52.0
17,pretrial,prison,100%,non-white,,11.416666666666666,53.0
18,pretrial,prison,100%,non-white,,11.416666666666666,54.0
19,pretrial,prison,100%,non-white,,11.416666666666666,55.0
20,pretrial,prison,100%,non-white,,11.416666666666666,56.0
21,pretrial,prison,100%,non-white,,11.416666666666666,57.0
22,pretrial,prison,100%,non-white,,11.416666666666666,58.0
23,pretrial,prison,100%,non-white,,11.416666666666666,59.0
24,pretrial,prison,85%,white,,27.25,48.0
25,pretrial,prison,85%,white,,27.25,49.0
26,pretrial,prison,85%,white,,27.25,50.0
27,pretrial,prison,85%,white,,27.25,51.0
28,pretrial,prison,85%,white,,27.25,52.0
29,pretrial,prison,85%,white,,27.25,53.0
30,pretrial,prison,85%,white,,27.25,54.0
31,pretrial,prison,85%,white,,27.25,55.0
32,pretrial,prison,85%,white,,27.25,56.0
33,pretrial,prison,85%,white,,27.25,57.0
34,pretrial,prison,85%,white,,27.25,58.0
35,pretrial,prison,85%,white,,27.25,59.0
36,pretrial,prison,85%,non-white,,102.75,48.0
37,pretrial,prison,85%,non-white,,102.75,49.0
38,pretrial,prison,85%,non-white,,102.75,50.0
39,pretrial,prison,85%,non-white,,102.75,51.0
40,pretrial,prison,85%,non-white,,102.75,52.0
41,pretrial,prison,85%,non-white,,102.75,53.0
42,pretrial,prison,85%,non-white,,102.75,54.0
43,pretrial,prison,85%,non-white,,102.75,55.0
44,pretrial,prison,85%,non-white,,102.75,56.0
45,pretrial,prison,85%,non-white,,102.75,57.0
46,pretrial,prison,85%,non-white,,102.75,58.0
47,pretrial,prison,85%,non-white,,102.75,59.0
48,pretrial,prison,75%,white,,2.0833333333333335,48.0
49,pretrial,prison,75%,white,,2.0833333333333335,49.0
50,pretrial,prison,75%,white,,2.0833333333333335,50.0
51,pretrial,prison,75%,white,,2.0833333333333335,51.0
52,pretrial,prison,75%,white,,2.0833333333333335,52.0
53,pretrial,prison,75%,white,,2.0833333333333335,53.0
54,pretrial,prison,75%,white,,2.0833333333333335,54.0
55,pretrial,prison,75%,white,,2.0833333333333335,55.0
56,pretrial,prison,75%,white,,2.0833333333333335,56.0
57,pretrial,prison,75%,white,,2.0833333333333335,57.0
58,pretrial,prison,75%,white,,2.0833333333333335,58.0
59,pretrial,prison,75%,white,,2.0833333333333335,59.0
60,pretrial,prison,75%,non-white,,3.1666666666666665,48.0
61,pretrial,prison,75%,non-white,,3.1666666666666665,49.0
62,pretrial,prison,75%,non-white,,3.1666666666666665,50.0
63,pretrial,prison,75%,non-white,,3.1666666666666665,51.0
64,pretrial,prison,75%,non-white,,3.1666666666666665,52.0
65,pretrial,prison,75%,non-white,,3.1666666666666665,53.0
66,pretrial,prison,75%,non-white,,3.1666666666666665,54.0
67,pretrial,prison,75%,non-white,,3.1666666666666665,55.0
68,pretrial,prison,75%,non-white,,3.1666666666666665,56.0
69,pretrial,prison,75%,non-white,,3.1666666666666665,57.0
70,pretrial,prison,75%,non-white,,3.1666666666666665,58.0
71,pretrial,prison,75%,non-white,,3.1666666666666665,59.0
0,pretrial,prison,100%,white,,2.25,60.0
1,pretrial,prison,100%,white,,2.25,61.0
2,pretrial,prison,100%,white,,2.25,62.0
3,pretrial,prison,100%,white,,2.25,63.0
4,pretrial,prison,100%,white,,2.25,64.0
5,pretrial,prison,100%,white,,2.25,65.0
6,pretrial,prison,100%,white,,2.25,66.0
7,pretrial,prison,100%,white,,2.25,67.0
8,pretrial,prison,100%,white,,2.25,68.0
9,pretrial,prison,100%,white,,2.25,69.0
10,pretrial,prison,100%,white,,2.25,70.0
11,pretrial,prison,100%,white,,2.25,71.0
12,pretrial,prison,100%,non-white,,10.75,60.0
13,pretrial,prison,100%,non-white,,10.75,61.0
14,pretrial,prison,100%,non-white,,10.75,62.0
15,pretrial,prison,100%,non-white,,10.75,63.0
16,pretrial,prison,100%,non-white,,10.75,64.0
17,pretrial,prison,100%,non-white,,10.75,65.0
18,pretrial,prison,100%,non-white,,10.75,66.0
19,pretrial,prison,100%,non-white,,10.75,67.0
20,pretrial,prison,100%,non-white,,10.75,68.0
21,pretrial,prison,100%,non-white,,10.75,69.0
22,pretrial,prison,100%,non-white,,10.75,70.0
23,pretrial,prison,100%,non-white,,10.75,71.0
24,pretrial,prison,85%,white,,23.0,60.0
25,pretrial,prison,85%,white,,23.0,61.0
26,pretrial,prison,85%,white,,23.0,62.0
27,pretrial,prison,85%,white,,23.0,63.0
28,pretrial,prison,85%,white,,23.0,64.0
29,pretrial,prison,85%,white,,23.0,65.0
30,pretrial,prison,85%,white,,23.0,66.0
31,pretrial,prison,85%,white,,23.0,67.0
32,pretrial,prison,85%,white,,23.0,68.0
33,pretrial,prison,85%,white,,23.0,69.0
34,pretrial,prison,85%,white,,23.0,70.0
35,pretrial,prison,85%,white,,23.0,71.0
36,pretrial,prison,85%,non-white,,61.916666666666664,60.0
37,pretrial,prison,85%,non-white,,61.916666666666664,61.0
38,pretrial,prison,85%,non-white,,61.916666666666664,62.0
39,pretrial,prison,85%,non-white,,61.916666666666664,63.0
40,pretrial,prison,85%,non-white,,61.916666666666664,64.0
41,pretrial,prison,85%,non-white,,61.916666666666664,65.0
42,pretrial,prison,85%,non-white,,61.916666666666664,66.0
43,pretrial,prison,85%,non-white,,61.916666666666664,67.0
44,pretrial,prison,85%,non-white,,61.916666666666664,68.0
45,pretrial,prison,85%,non-white,,61.916666666666664,69.0
46,pretrial,prison,85%,non-white,,61.916666666666664,70.0
47,pretrial,prison,85%,non-white,,61.916666666666664,71.0
48,pretrial,prison,75%,white,,1.6666666666666667,60.0
49,pretrial,prison,75%,white,,1.6666666666666667,61.0
50,pretrial,prison,75%,white,,1.6666666666666667,62.0
51,pretrial,prison,75%,white,,1.6666666666666667,63.0
52,pretrial,prison,75%,white,,1.6666666666666667,64.0
53,pretrial,prison,75%,white,,1.6666666666666667,65.0
54,pretrial,prison,75%,white,,1.6666666666666667,66.0
55,pretrial,prison,75%,white,,1.6666666666666667,67.0
56,pretrial,prison,75%,white,,1.6666666666666667,68.0
57,pretrial,prison,75%,white,,1.6666666666666667,69.0
58,pretrial,prison,75%,white,,1.6666666666666667,70.0
59,pretrial,prison,75%,white,,1.6666666666666667,71.0
60,pretrial,prison,75%,non-white,,2.5,60.0
61,pretrial,prison,75%,non-white,,2.5,61.0
62,pretrial,prison,75%,non-white,,2.5,62.0
63,pretrial,prison,75%,non-white,,2.5,63.0
64,pretrial,prison,75%,non-white,,2.5,64.0
65,pretrial,prison,75%,non-white,,2.5,65.0
66,pretrial,prison,75%,non-white,,2.5,66.0
67,pretrial,prison,75%,non-white,,2.5,67.0
68,pretrial,prison,75%,non-white,,2.5,68.0
69,pretrial,prison,75%,non-white,,2.5,69.0
70,pretrial,prison,75%,non-white,,2.5,70.0
71,pretrial,prison,75%,non-white,,2.5,71.0
0,pretrial,prison,100%,white,,1.8333333333333333,72.0
1,pretrial,prison,100%,white,,1.8333333333333333,73.0
2,pretrial,prison,100%,white,,1.8333333333333333,74.0
3,pretrial,prison,100%,white,,1.8333333333333333,75.0
4,pretrial,prison,100%,white,,1.8333333333333333,76.0
5,pretrial,prison,100%,white,,1.8333333333333333,77.0
6,pretrial,prison,100%,white,,1.8333333333333333,78.0
7,pretrial,prison,100%,white,,1.8333333333333333,79.0
8,pretrial,prison,100%,white,,1.8333333333333333,80.0
9,pretrial,prison,100%,white,,1.8333333333333333,81.0
10,pretrial,prison,100%,white,,1.8333333333333333,82.0
11,pretrial,prison,100%,white,,1.8333333333333333,83.0
12,pretrial,prison,100%,non-white,,11.583333333333334,72.0
13,pretrial,prison,100%,non-white,,11.583333333333334,73.0
14,pretrial,prison,100%,non-white,,11.583333333333334,74.0
15,pretrial,prison,100%,non-white,,11.583333333333334,75.0
16,pretrial,prison,100%,non-white,,11.583333333333334,76.0
17,pretrial,prison,100%,non-white,,11.583333333333334,77.0
18,pretrial,prison,100%,non-white,,11.583333333333334,78.0
19,pretrial,prison,100%,non-white,,11.583333333333334,79.0
20,pretrial,prison,100%,non-white,,11.583333333333334,80.0
21,pretrial,prison,100%,non-white,,11.583333333333334,81.0
22,pretrial,prison,100%,non-white,,11.583333333333334,82.0
23,pretrial,prison,100%,non-white,,11.583333333333334,83.0
24,pretrial,prison,85%,white,,23.833333333333332,72.0
25,pretrial,prison,85%,white,,23.833333333333332,73.0
26,pretrial,prison,85%,white,,23.833333333333332,74.0
27,pretrial,prison,85%,white,,23.833333333333332,75.0
28,pretrial,prison,85%,white,,23.833333333333332,76.0
29,pretrial,prison,85%,white,,23.833333333333332,77.0
30,pretrial,prison,85%,white,,23.833333333333332,78.0
31,pretrial,prison,85%,white,,23.833333333333332,79.0
32,pretrial,prison,85%,white,,23.833333333333332,80.0
33,pretrial,prison,85%,white,,23.833333333333332,81.0
34,pretrial,prison,85%,white,,23.833333333333332,82.0
35,pretrial,prison,85%,white,,23.833333333333332,83.0
36,pretrial,prison,85%,non-white,,64.08333333333333,72.0
37,pretrial,prison,85%,non-white,,64.08333333333333,73.0
38,pretrial,prison,85%,non-white,,64.08333333333333,74.0
39,pretrial,prison,85%,non-white,,64.08333333333333,75.0
40,pretrial,prison,85%,non-white,,64.08333333333333,76.0
41,pretrial,prison,85%,non-white,,64.08333333333333,77.0
42,pretrial,prison,85%,non-white,,64.08333333333333,78.0
43,pretrial,prison,85%,non-white,,64.08333333333333,79.0
44,pretrial,prison,85%,non-white,,64.08333333333333,80.0
45,pretrial,prison,85%,non-white,,64.08333333333333,81.0
46,pretrial,prison,85%,non-white,,64.08333333333333,82.0
47,pretrial,prison,85%,non-white,,64.08333333333333,83.0
48,pretrial,prison,75%,white,,1.25,72.0
49,pretrial,prison,75%,white,,1.25,73.0
50,pretrial,prison,75%,white,,1.25,74.0
51,pretrial,prison,75%,white,,1.25,75.0
52,pretrial,prison,75%,white,,1.25,76.0
53,pretrial,prison,75%,white,,1.25,77.0
54,pretrial,prison,75%,white,,1.25,78.0
55,pretrial,prison,75%,white,,1.25,79.0
56,pretrial,prison,75%,white,,1.25,80.0
57,pretrial,prison,75%,white,,1.25,81.0
58,pretrial,prison,75%,white,,1.25,82.0
59,pretrial,prison,75%,white,,1.25,83.0
60,pretrial,prison,75%,non-white,,3.1666666666666665,72.0
61,pretrial,prison,75%,non-white,,3.1666666666666665,73.0
62,pretrial,prison,75%,non-white,,3.1666666666666665,74.0
63,pretrial,prison,75%,non-white,,3.1666666666666665,75.0
64,pretrial,prison,75%,non-white,,3.1666666666666665,76.0
65,pretrial,prison,75%,non-white,,3.1666666666666665,77.0
66,pretrial,prison,75%,non-white,,3.1666666666666665,78.0
67,pretrial,prison,75%,non-white,,3.1666666666666665,79.0
68,pretrial,prison,75%,non-white,,3.1666666666666665,80.0
69,pretrial,prison,75%,non-white,,3.1666666666666665,81.0
70,pretrial,prison,75%,non-white,,3.1666666666666665,82.0
71,pretrial,prison,75%,non-white,,3.1666666666666665,83.0
0,pretrial,prison,100%,white,,2.1666666666666665,84.0
1,pretrial,prison,100%,white,,2.1666666666666665,85.0
2,pretrial,prison,100%,white,,2.1666666666666665,86.0
3,pretrial,prison,100%,white,,2.1666666666666665,87.0
4,pretrial,prison,100%,white,,2.1666666666666665,88.0
5,pretrial,prison,100%,white,,2.1666666666666665,89.0
6,pretrial,prison,100%,white,,2.1666666666666665,90.0
7,pretrial,prison,100%,white,,2.1666666666666665,91.0
8,pretrial,prison,100%,white,,2.1666666666666665,92.0
9,pretrial,prison,100%,white,,2.1666666666666665,93.0
10,pretrial,prison,100%,white,,2.1666666666666665,94.0
11,pretrial,prison,100%,white,,2.1666666666666665,95.0
12,pretrial,prison,100%,non-white,,11.833333333333334,84.0
13,pretrial,prison,100%,non-white,,11.833333333333334,85.0
14,pretrial,prison,100%,non-white,,11.833333333333334,86.0
15,pretrial,prison,100%,non-white,,11.833333333333334,87.0
16,pretrial,prison,100%,non-white,,11.833333333333334,88.0
17,pretrial,prison,100%,non-white,,11.833333333333334,89.0
18,pretrial,prison,100%,non-white,,11.833333333333334,90.0
19,pretrial,prison,100%,non-white,,11.833333333333334,91.0
20,pretrial,prison,100%,non-white,,11.833333333333334,92.0
21,pretrial,prison,100%,non-white,,11.833333333333334,93.0
22,pretrial,prison,100%,non-white,,11.833333333333334,94.0
23,pretrial,prison,100%,non-white,,11.833333333333334,95.0
24,pretrial,prison,85%,white,,26.083333333333332,84.0
25,pretrial,prison,85%,white,,26.083333333333332,85.0
26,pretrial,prison,85%,white,,26.083333333333332,86.0
27,pretrial,prison,85%,white,,26.083333333333332,87.0
28,pretrial,prison,85%,white,,26.083333333333332,88.0
29,pretrial,prison,85%,white,,26.083333333333332,89.0
30,pretrial,prison,85%,white,,26.083333333333332,90.0
31,pretrial,prison,85%,white,,26.083333333333332,91.0
32,pretrial,prison,85%,white,,26.083333333333332,92.0
33,pretrial,prison,85%,white,,26.083333333333332,93.0
34,pretrial,prison,85%,white,,26.083333333333332,94.0
35,pretrial,prison,85%,white,,26.083333333333332,95.0
36,pretrial,prison,85%,non-white,,63.416666666666664,84.0
37,pretrial,prison,85%,non-white,,63.416666666666664,85.0
38,pretrial,prison,85%,non-white,,63.416666666666664,86.0
39,pretrial,prison,85%,non-white,,63.416666666666664,87.0
40,pretrial,prison,85%,non-white,,63.416666666666664,88.0
41,pretrial,prison,85%,non-white,,63.416666666666664,89.0
42,pretrial,prison,85%,non-white,,63.416666666666664,90.0
43,pretrial,prison,85%,non-white,,63.416666666666664,91.0
44,pretrial,prison,85%,non-white,,63.416666666666664,92.0
45,pretrial,prison,85%,non-white,,63.416666666666664,93.0
46,pretrial,prison,85%,non-white,,63.416666666666664,94.0
47,pretrial,prison,85%,non-white,,63.416666666666664,95.0
48,pretrial,prison,75%,white,,1.9166666666666667,84.0
49,pretrial,prison,75%,white,,1.9166666666666667,85.0
50,pretrial,prison,75%,white,,1.9166666666666667,86.0
51,pretrial,prison,75%,white,,1.9166666666666667,87.0
52,pretrial,prison,75%,white,,1.9166666666666667,88.0
53,pretrial,prison,75%,white,,1.9166666666666667,89.0
54,pretrial,prison,75%,white,,1.9166666666666667,90.0
55,pretrial,prison,75%,white,,1.9166666666666667,91.0
56,pretrial,prison,75%,white,,1.9166666666666667,92.0
57,pretrial,prison,75%,white,,1.9166666666666667,93.0
58,pretrial,prison,75%,white,,1.9166666666666667,94.0
59,pretrial,prison,75%,white,,1.9166666666666667,95.0
60,pretrial,prison,75%,non-white,,2.0,84.0
61,pretrial,prison,75%,non-white,,2.0,85.0
62,pretrial,prison,75%,non-white,,2.0,86.0
63,pretrial,prison,75%,non-white,,2.0,87.0
64,pretrial,prison,75%,non-white,,2.0,88.0
65,pretrial,prison,75%,non-white,,2.0,89.0
66,pretrial,prison,75%,non-white,,2.0,90.0
67,pretrial,prison,75%,non-white,,2.0,91.0
68,pretrial,prison,75%,non-white,,2.0,92.0
69,pretrial,prison,75%,non-white,,2.0,93.0
70,pretrial,prison,75%,non-white,,2.0,94.0
71,pretrial,prison,75%,non-white,,2.0,95.0
0,pretrial,prison,100%,white,,3.25,96.0
1,pretrial,prison,100%,white,,3.25,97.0
2,pretrial,prison,100%,white,,3.25,98.0
3,pretrial,prison,100%,white,,3.25,99.0
4,pretrial,prison,100%,white,,3.25,100.0
5,pretrial,prison,100%,white,,3.25,101.0
6,pretrial,prison,100%,white,,3.25,102.0
7,pretrial,prison,100%,white,,3.25,103.0
8,pretrial,prison,100%,white,,3.25,104.0
9,pretrial,prison,100%,white,,3.25,105.0
10,pretrial,prison,100%,white,,3.25,106.0
11,pretrial,prison,100%,white,,3.25,107.0
12,pretrial,prison,100%,non-white,,10.583333333333334,96.0
13,pretrial,prison,100%,non-white,,10.583333333333334,97.0
14,pretrial,prison,100%,non-white,,10.583333333333334,98.0
15,pretrial,prison,100%,non-white,,10.583333333333334,99.0
16,pretrial,prison,100%,non-white,,10.583333333333334,100.0
17,pretrial,prison,100%,non-white,,10.583333333333334,101.0
18,pretrial,prison,100%,non-white,,10.583333333333334,102.0
19,pretrial,prison,100%,non-white,,10.583333333333334,103.0
20,pretrial,prison,100%,non-white,,10.583333333333334,104.0
21,pretrial,prison,100%,non-white,,10.583333333333334,105.0
22,pretrial,prison,100%,non-white,,10.583333333333334,106.0
23,pretrial,prison,100%,non-white,,10.583333333333334,107.0
24,pretrial,prison,85%,white,,28.833333333333332,96.0
25,pretrial,prison,85%,white,,28.833333333333332,97.0
26,pretrial,prison,85%,white,,28.833333333333332,98.0
27,pretrial,prison,85%,white,,28.833333333333332,99.0
28,pretrial,prison,85%,white,,28.833333333333332,100.0
29,pretrial,prison,85%,white,,28.833333333333332,101.0
30,pretrial,prison,85%,white,,28.833333333333332,102.0
31,pretrial,prison,85%,white,,28.833333333333332,103.0
32,pretrial,prison,85%,white,,28.833333333333332,104.0
33,pretrial,prison,85%,white,,28.833333333333332,105.0
34,pretrial,prison,85%,white,,28.833333333333332,106.0
35,pretrial,prison,85%,white,,28.833333333333332,107.0
36,pretrial,prison,85%,non-white,,58.916666666666664,96.0
37,pretrial,prison,85%,non-white,,58.916666666666664,97.0
38,pretrial,prison,85%,non-white,,58.916666666666664,98.0
39,pretrial,prison,85%,non-white,,58.916666666666664,99.0
40,pretrial,prison,85%,non-white,,58.916666666666664,100.0
41,pretrial,prison,85%,non-white,,58.916666666666664,101.0
42,pretrial,prison,85%,non-white,,58.916666666666664,102.0
43,pretrial,prison,85%,non-white,,58.916666666666664,103.0
44,pretrial,prison,85%,non-white,,58.916666666666664,104.0
45,pretrial,prison,85%,non-white,,58.916666666666664,105.0
46,pretrial,prison,85%,non-white,,58.916666666666664,106.0
47,pretrial,prison,85%,non-white,,58.916666666666664,107.0
48,pretrial,prison,75%,white,,1.75,96.0
49,pretrial,prison,75%,white,,1.75,97.0
50,pretrial,prison,75%,white,,1.75,98.0
51,pretrial,prison,75%,white,,1.75,99.0
52,pretrial,prison,75%,white,,1.75,100.0
53,pretrial,prison,75%,white,,1.75,101.0
54,pretrial,prison,75%,white,,1.75,102.0
55,pretrial,prison,75%,white,,1.75,103.0
56,pretrial,prison,75%,white,,1.75,104.0
57,pretrial,prison,75%,white,,1.75,105.0
58,pretrial,prison,75%,white,,1.75,106.0
59,pretrial,prison,75%,white,,1.75,107.0
60,pretrial,prison,75%,non-white,,1.8333333333333333,96.0
61,pretrial,prison,75%,non-white,,1.8333333333333333,97.0
62,pretrial,prison,75%,non-white,,1.8333333333333333,98.0
63,pretrial,prison,75%,non-white,,1.8333333333333333,99.0
64,pretrial,prison,75%,non-white,,1.8333333333333333,100.0
65,pretrial,prison,75%,non-white,,1.8333333333333333,101.0
66,pretrial,prison,75%,non-white,,1.8333333333333333,102.0
67,pretrial,prison,75%,non-white,,1.8333333333333333,103.0
68,pretrial,prison,75%,non-white,,1.8333333333333333,104.0
69,pretrial,prison,75%,non-white,,1.8333333333333333,105.0
70,pretrial,prison,75%,non-white,,1.8333333333333333,106.0
71,pretrial,prison,75%,non-white,,1.8333333333333333,107.0
0,prison,,100%,white,,471.0,0.0
1,prison,,100%,white,,471.0,1.0
2,prison,,100%,white,,471.0,2.0
3,prison,,100%,white,,471.0,3.0
4,prison,,100%,white,,471.0,4.0
5,prison,,100%,white,,471.0,5.0
6,prison,,100%,white,,471.0,6.0
7,prison,,100%,white,,471.0,7.0
8,prison,,100%,white,,471.0,8.0
9,prison,,100%,white,,471.0,9.0
10,prison,,100%,white,,471.0,10.0
11,prison,,100%,white,,471.0,11.0
12,prison,,100%,non-white,,2405.0,0.0
13,prison,,100%,non-white,,2405.0,1.0
14,prison,,100%,non-white,,2405.0,2.0
15,prison,,100%,non-white,,2405.0,3.0
16,prison,,100%,non-white,,2405.0,4.0
17,prison,,100%,non-white,,2405.0,5.0
18,prison,,100%,non-white,,2405.0,6.0
19,prison,,100%,non-white,,2405.0,7.0
20,prison,,100%,non-white,,2405.0,8.0
21,prison,,100%,non-white,,2405.0,9.0
22,prison,,100%,non-white,,2405.0,10.0
23,prison,,100%,non-white,,2405.0,11.0
24,prison,,85%,white,,2123.0,0.0
25,prison,,85%,white,,2123.0,1.0
26,prison,,85%,white,,2123.0,2.0
27,prison,,85%,white,,2123.0,3.0
28,prison,,85%,white,,2123.0,4.0
29,prison,,85%,white,,2123.0,5.0
30,prison,,85%,white,,2123.0,6.0
31,prison,,85%,white,,2123.0,7.0
32,prison,,85%,white,,2123.0,8.0
33,prison,,85%,white,,2123.0,9.0
34,prison,,85%,white,,2123.0,10.0
35,prison,,85%,white,,2123.0,11.0
36,prison,,85%,non-white,,4999.0,0.0
37,prison,,85%,non-white,,4999.0,1.0
38,prison,,85%,non-white,,4999.0,2.0
39,prison,,85%,non-white,,4999.0,3.0
40,prison,,85%,non-white,,4999.0,4.0
41,prison,,85%,non-white,,4999.0,5.0
42,prison,,85%,non-white,,4999.0,6.0
43,prison,,85%,non-white,,4999.0,7.0
44,prison,,85%,non-white,,4999.0,8.0
45,prison,,85%,non-white,,4999.0,9.0
46,prison,,85%,non-white,,4999.0,10.0
47,prison,,85%,non-white,,4999.0,11.0
48,prison,,75%,white,,64.0,0.0
49,prison,,75%,white,,64.0,1.0
50,prison,,75%,white,,64.0,2.0
51,prison,,75%,white,,64.0,3.0
52,prison,,75%,white,,64.0,4.0
53,prison,,75%,white,,64.0,5.0
54,prison,,75%,white,,64.0,6.0
55,prison,,75%,white,,64.0,7.0
56,prison,,75%,white,,64.0,8.0
57,prison,,75%,white,,64.0,9.0
58,prison,,75%,white,,64.0,10.0
59,prison,,75%,white,,64.0,11.0
60,prison,,75%,non-white,,137.0,0.0
61,prison,,75%,non-white,,137.0,1.0
62,prison,,75%,non-white,,137.0,2.0
63,prison,,75%,non-white,,137.0,3.0
64,prison,,75%,non-white,,137.0,4.0
65,prison,,75%,non-white,,137.0,5.0
66,prison,,75%,non-white,,137.0,6.0
67,prison,,75%,non-white,,137.0,7.0
68,prison,,75%,non-white,,137.0,8.0
69,prison,,75%,non-white,,137.0,9.0
70,prison,,75%,non-white,,137.0,10.0
71,prison,,75%,non-white,,137.0,11.0
0,prison,,100%,white,,515.0,12.0
1,prison,,100%,white,,515.0,13.0
2,prison,,100%,white,,515.0,14.0
3,prison,,100%,white,,515.0,15.0
4,prison,,100%,white,,515.0,16.0
5,prison,,100%,white,,515.0,17.0
6,prison,,100%,white,,515.0,18.0
7,prison,,100%,white,,515.0,19.0
8,prison,,100%,white,,515.0,20.0
9,prison,,100%,white,,515.0,21.0
10,prison,,100%,white,,515.0,22.0
11,prison,,100%,white,,515.0,23.0
12,prison,,100%,non-white,,2566.0,12.0
13,prison,,100%,non-white,,2566.0,13.0
14,prison,,100%,non-white,,2566.0,14.0
15,prison,,100%,non-white,,2566.0,15.0
16,prison,,100%,non-white,,2566.0,16.0
17,prison,,100%,non-white,,2566.0,17.0
18,prison,,100%,non-white,,2566.0,18.0
19,prison,,100%,non-white,,2566.0,19.0
20,prison,,100%,non-white,,2566.0,20.0
21,prison,,100%,non-white,,2566.0,21.0
22,prison,,100%,non-white,,2566.0,22.0
23,prison,,100%,non-white,,2566.0,23.0
24,prison,,85%,white,,2233.0,12.0
25,prison,,85%,white,,2233.0,13.0
26,prison,,85%,white,,2233.0,14.0
27,prison,,85%,white,,2233.0,15.0
28,prison,,85%,white,,2233.0,16.0
29,prison,,85%,white,,2233.0,17.0
30,prison,,85%,white,,2233.0,18.0
31,prison,,85%,white,,2233.0,19.0
32,prison,,85%,white,,2233.0,20.0
33,prison,,85%,white,,2233.0,21.0
34,prison,,85%,white,,2233.0,22.0
35,prison,,85%,white,,2233.0,23.0
36,prison,,85%,non-white,,5320.0,12.0
37,prison,,85%,non-white,,5320.0,13.0
38,prison,,85%,non-white,,5320.0,14.0
39,prison,,85%,non-white,,5320.0,15.0
40,prison,,85%,non-white,,5320.0,16.0
41,prison,,85%,non-white,,5320.0,17.0
42,prison,,85%,non-white,,5320.0,18.0
43,prison,,85%,non-white,,5320.0,19.0
44,prison,,85%,non-white,,5320.0,20.0
45,prison,,85%,non-white,,5320.0,21.0
46,prison,,85%,non-white,,5320.0,22.0
47,prison,,85%,non-white,,5320.0,23.0
48,prison,,75%,white,,86.0,12.0
49,prison,,75%,white,,86.0,13.0
50,prison,,75%,white,,86.0,14.0
51,prison,,75%,white,,86.0,15.0
52,prison,,75%,white,,86.0,16.0
53,prison,,75%,white,,86.0,17.0
54,prison,,75%,white,,86.0,18.0
55,prison,,75%,white,,86.0,19.0
56,prison,,75%,white,,86.0,20.0
57,prison,,75%,white,,86.0,21.0
58,prison,,75%,white,,86.0,22.0
59,prison,,75%,white,,86.0,23.0
60,prison,,75%,non-white,,172.0,12.0
61,prison,,75%,non-white,,172.0,13.0
62,prison,,75%,non-white,,172.0,14.0
63,prison,,75%,non-white,,172.0,15.0
64,prison,,75%,non-white,,172.0,16.0
65,prison,,75%,non-white,,172.0,17.0
66,prison,,75%,non-white,,172.0,18.0
67,prison,,75%,non-white,,172.0,19.0
68,prison,,75%,non-white,,172.0,20.0
69,prison,,75%,non-white,,172.0,21.0
70,prison,,75%,non-white,,172.0,22.0
71,prison,,75%,non-white,,172.0,23.0
0,prison,,100%,white,,542.0,24.0
1,prison,,100%,white,,542.0,25.0
2,prison,,100%,white,,542.0,26.0
3,prison,,100%,white,,542.0,27.0
4,prison,,100%,white,,542.0,28.0
5,prison,,100%,white,,542.0,29.0
6,prison,,100%,white,,542.0,30.0
7,prison,,100%,white,,542.0,31.0
8,prison,,100%,white,,542.0,32.0
9,prison,,100%,white,,542.0,33.0
10,prison,,100%,white,,542.0,34.0
11,prison,,100%,white,,542.0,35.0
12,prison,,100%,non-white,,2720.0,24.0
13,prison,,100%,non-white,,2720.0,25.0
14,prison,,100%,non-white,,2720.0,26.0
15,prison,,100%,non-white,,2720.0,27.0
16,prison,,100%,non-white,,2720.0,28.0
17,prison,,100%,non-white,,2720.0,29.0
18,prison,,100%,non-white,,2720.0,30.0
19,prison,,100%,non-white,,2720.0,31.0
20,prison,,100%,non-white,,2720.0,32.0
21,prison,,100%,non-white,,2720.0,33.0
22,prison,,100%,non-white,,2720.0,34.0
23,prison,,100%,non-white,,2720.0,35.0
24,prison,,85%,white,,2333.0,24.0
25,prison,,85%,white,,2333.0,25.0
26,prison,,85%,white,,2333.0,26.0
27,prison,,85%,white,,2333.0,27.0
28,prison,,85%,white,,2333.0,28.0
29,prison,,85%,white,,2333.0,29.0
30,prison,,85%,white,,2333.0,30.0
31,prison,,85%,white,,2333.0,31.0
32,prison,,85%,white,,2333.0,32.0
33,prison,,85%,white,,2333.0,33.0
34,prison,,85%,white,,2333.0,34.0
35,prison,,85%,white,,2333.0,35.0
36,prison,,85%,non-white,,5633.0,24.0
37,prison,,85%,non-white,,5633.0,25.0
38,prison,,85%,non-white,,5633.0,26.0
39,prison,,85%,non-white,,5633.0,27.0
40,prison,,85%,non-white,,5633.0,28.0
41,prison,,85%,non-white,,5633.0,29.0
42,prison,,85%,non-white,,5633.0,30.0
43,prison,,85%,non-white,,5633.0,31.0
44,prison,,85%,non-white,,5633.0,32.0
45,prison,,85%,non-white,,5633.0,33.0
46,prison,,85%,non-white,,5633.0,34.0
47,prison,,85%,non-white,,5633.0,35.0
48,prison,,75%,white,,100.0,24.0
49,prison,,75%,white,,100.0,25.0
50,prison,,75%,white,,100.0,26.0
51,prison,,75%,white,,100.0,27.0
52,prison,,75%,white,,100.0,28.0
53,prison,,75%,white,,100.0,29.0
54,prison,,75%,white,,100.0,30.0
55,prison,,75%,white,,100.0,31.0
56,prison,,75%,white,,100.0,32.0
57,prison,,75%,white,,100.0,33.0
58,prison,,75%,white,,100.0,34.0
59,prison,,75%,white,,100.0,35.0
60,prison,,75%,non-white,,209.0,24.0
61,prison,,75%,non-white,,209.0,25.0
62,prison,,75%,non-white,,209.0,26.0
63,prison,,75%,non-white,,209.0,27.0
64,prison,,75%,non-white,,209.0,28.0
65,prison,,75%,non-white,,209.0,29.0
66,prison,,75%,non-white,,209.0,30.0
67,prison,,75%,non-white,,209.0,31.0
68,prison,,75%,non-white,,209.0,32.0
69,prison,,75%,non-white,,209.0,33.0
70,prison,,75%,non-white,,209.0,34.0
71,prison,,75%,non-white,,209.0,35.0
0,prison,,100%,white,,575.0,36.0
1,prison,,100%,white,,575.0,37.0
2,prison,,100%,white,,575.0,38.0
3,prison,,100%,white,,575.0,39.0
4,prison,,100%,white,,575.0,40.0
5,prison,,100%,white,,575.0,41.0
6,prison,,100%,white,,575.0,42.0
7,prison,,100%,white,,575.0,43.0
8,prison,,100%,white,,575.0,44.0
9,prison,,100%,white,,575.0,45.0
10,prison,,100%,white,,575.0,46.0
11,prison,,100%,white,,575.0,47.0
12,prison,,100%,non-white,,2893.0,36.0
13,prison,,100%,non-white,,2893.0,37.0
14,prison,,100%,non-white,,2893.0,38.0
15,prison,,100%,non-white,,2893.0,39.0
16,prison,,100%,non-white,,2893.0,40.0
17,prison,,100%,non-white,,2893.0,41.0
18,prison,,100%,non-white,,2893.0,42.0
19,prison,,100%,non-white,,2893.0,43.0
20,prison,,100%,non-white,,2893.0,44.0
21,prison,,100%,non-white,,2893.0,45.0
22,prison,,100%,non-white,,2893.0,46.0
23,prison,,100%,non-white,,2893.0,47.0
24,prison,,85%,white,,2565.0,36.0
25,prison,,85%,white,,2565.0,37.0
26,prison,,85%,white,,2565.0,38.0
27,prison,,85%,white,,2565.0,39.0
28,prison,,85%,white,,2565.0,40.0
29,prison,,85%,white,,2565.0,41.0
30,prison,,85%,white,,2565.0,42.0
31,prison,,85%,white,,2565.0,43.0
32,prison,,85%,white,,2565.0,44.0
33,prison,,85%,white,,2565.0,45.0
34,prison,,85%,white,,2565.0,46.0
35,prison,,85%,white,,2565.0,47.0
36,prison,,85%,non-white,,6278.0,36.0
37,prison,,85%,non-white,,6278.0,37.0
38,prison,,85%,non-white,,6278.0,38.0
39,prison,,85%,non-white,,6278.0,39.0
40,prison,,85%,non-white,,6278.0,40.0
41,prison,,85%,non-white,,6278.0,41.0
42,prison,,85%,non-white,,6278.0,42.0
43,prison,,85%,non-white,,6278.0,43.0
44,prison,,85%,non-white,,6278.0,44.0
45,prison,,85%,non-white,,6278.0,45.0
46,prison,,85%,non-white,,6278.0,46.0
47,prison,,85%,non-white,,6278.0,47.0
48,prison,,75%,white,,0.0,36.0
49,prison,,75%,white,,0.0,37.0
50,prison,,75%,white,,0.0,38.0
51,prison,,75%,white,,0.0,39.0
52,prison,,75%,white,,0.0,40.0
53,prison,,75%,white,,0.0,41.0
54,prison,,75%,white,,0.0,42.0
55,prison,,75%,white,,0.0,43.0
56,prison,,75%,white,,0.0,44.0
57,prison,,75%,white,,0.0,45.0
58,prison,,75%,white,,0.0,46.0
59,prison,,75%,white,,0.0,47.0
60,prison,,75%,non-white,,0.0,36.0
61,prison,,75%,non-white,,0.0,37.0
62,prison,,75%,non-white,,0.0,38.0
63,prison,,75%,non-white,,0.0,39.0
64,prison,,75%,non-white,,0.0,40.0
65,prison,,75%,non-white,,0.0,41.0
66,prison,,75%,non-white,,0.0,42.0
67,prison,,75%,non-white,,0.0,43.0
68,prison,,75%,non-white,,0.0,44.0
69,prison,,75%,non-white,,0.0,45.0
70,prison,,75%,non-white,,0.0,46.0
71,prison,,75%,non-white,,0.0,47.0
0,prison,,100%,white,,789.0,48.0
1,prison,,100%,white,,789.0,49.0
2,prison,,100%,white,,789.0,50.0
3,prison,,100%,white,,789.0,51.0
4,prison,,100%,white,,789.0,52.0
5,prison,,100%,white,,789.0,53.0
6,prison,,100%,white,,789.0,54.0
7,prison,,100%,white,,789.0,55.0
8,prison,,100%,white,,789.0,56.0
9,prison,,100%,white,,789.0,57.0
10,prison,,100%,white,,789.0,58.0
11,prison,,100%,white,,789.0,59.0
12,prison,,100%,non-white,,3927.0,48.0
13,prison,,100%,non-white,,3927.0,49.0
14,prison,,100%,non-white,,3927.0,50.0
15,prison,,100%,non-white,,3927.0,51.0
16,prison,,100%,non-white,,3927.0,52.0
17,prison,,100%,non-white,,3927.0,53.0
18,prison,,100%,non-white,,3927.0,54.0
19,prison,,100%,non-white,,3927.0,55.0
20,prison,,100%,non-white,,3927.0,56.0
21,prison,,100%,non-white,,3927.0,57.0
22,prison,,100%,non-white,,3927.0,58.0
23,prison,,100%,non-white,,3927.0,59.0
24,prison,,85%,white,,3032.0,48.0
25,prison,,85%,white,,3032.0,49.0
26,prison,,85%,white,,3032.0,50.0
27,prison,,85%,white,,3032.0,51.0
28,prison,,85%,white,,3032.0,52.0
29,prison,,85%,white,,3032.0,53.0
30,prison,,85%,white,,3032.0,54.0
31,prison,,85%,white,,3032.0,55.0
32,prison,,85%,white,,3032.0,56.0
33,prison,,85%,white,,3032.0,57.0
34,prison,,85%,white,,3032.0,58.0
35,prison,,85%,white,,3032.0,59.0
36,prison,,85%,non-white,,9121.0,48.0
37,prison,,85%,non-white,,9121.0,49.0
38,prison,,85%,non-white,,9121.0,50.0
39,prison,,85%,non-white,,9121.0,51.0
40,prison,,85%,non-white,,9121.0,52.0
41,prison,,85%,non-white,,9121.0,53.0
42,prison,,85%,non-white,,9121.0,54.0
43,prison,,85%,non-white,,9121.0,55.0
44,prison,,85%,non-white,,9121.0,56.0
45,prison,,85%,non-white,,9121.0,57.0
46,prison,,85%,non-white,,9121.0,58.0
47,prison,,85%,non-white,,9121.0,59.0
48,prison,,75%,white,,147.0,48.0
49,prison,,75%,white,,147.0,49.0
50,prison,,75%,white,,147.0,50.0
51,prison,,75%,white,,147.0,51.0
52,prison,,75%,white,,147.0,52.0
53,prison,,75%,white,,147.0,53.0
54,prison,,75%,white,,147.0,54.0
55,prison,,75%,white,,147.0,55.0
56,prison,,75%,white,,147.0,56.0
57,prison,,75%,white,,147.0,57.0
58,prison,,75%,white,,147.0,58.0
59,prison,,75%,white,,147.0,59.0
60,prison,,75%,non-white,,288.0,48.0
61,prison,,75%,non-white,,288.0,49.0
62,prison,,75%,non-white,,288.0,50.0
63,prison,,75%,non-white,,288.0,51.0
64,prison,,75%,non-white,,288.0,52.0
65,prison,,75%,non-white,,288.0,53.0
66,prison,,75%,non-white,,288.0,54.0
67,prison,,75%,non-white,,288.0,55.0
68,prison,,75%,non-white,,288.0,56.0
69,prison,,75%,non-white,,288.0,57.0
70,prison,,75%,non-white,,288.0,58.0
71,prison,,75%,non-white,,288.0,59.0
0,prison,,100%,white,,622.0,60.0
1,prison,,100%,white,,622.0,61.0
2,prison,,100%,white,,622.0,62.0
3,prison,,100%,white,,622.0,63.0
4,prison,,100%,white,,622.0,64.0
5,prison,,100%,white,,622.0,65.0
6,prison,,100%,white,,622.0,66.0
7,prison,,100%,white,,622.0,67.0
8,prison,,100%,white,,622.0,68.0
9,prison,,100%,white,,622.0,69.0
10,prison,,100%,white,,622.0,70.0
11,prison,,100%,white,,622.0,71.0
12,prison,,100%,non-white,,3124.0,60.0
13,prison,,100%,non-white,,3124.0,61.0
14,prison,,100%,non-white,,3124.0,62.0
15,prison,,100%,non-white,,3124.0,63.0
16,prison,,100%,non-white,,3124.0,64.0
17,prison,,100%,non-white,,3124.0,65.0
18,prison,,100%,non-white,,3124.0,66.0
19,prison,,100%,non-white,,3124.0,67.0
20,prison,,100%,non-white,,3124.0,68.0
21,prison,,100%,non-white,,3124.0,69.0
22,prison,,100%,non-white,,3124.0,70.0
23,prison,,100%,non-white,,3124.0,71.0
24,prison,,85%,white,,2589.0,60.0
25,prison,,85%,white,,2589.0,61.0
26,prison,,85%,white,,2589.0,62.0
27,prison,,85%,white,,2589.0,63.0
28,prison,,85%,white,,2589.0,64.0
29,prison,,85%,white,,2589.0,65.0
30,prison,,85%,white,,2589.0,66.0
31,prison,,85%,white,,2589.0,67.0
32,prison,,85%,white,,2589.0,68.0
33,prison,,85%,white,,2589.0,69.0
34,prison,,85%,white,,2589.0,70.0
35,prison,,85%,white,,2589.0,71.0
36,prison,,85%,non-white,,6515.0,60.0
37,prison,,85%,non-white,,6515.0,61.0
38,prison,,85%,non-white,,6515.0,62.0
39,prison,,85%,non-white,,6515.0,63.0
40,prison,,85%,non-white,,6515.0,64.0
41,prison,,85%,non-white,,6515.0,65.0
42,prison,,85%,non-white,,6515.0,66.0
43,prison,,85%,non-white,,6515.0,67.0
44,prison,,85%,non-white,,6515.0,68.0
45,prison,,85%,non-white,,6515.0,69.0
46,prison,,85%,non-white,,6515.0,70.0
47,prison,,85%,non-white,,6515.0,71.0
48,prison,,75%,white,,149.0,60.0
49,prison,,75%,white,,149.0,61.0
50,prison,,75%,white,,149.0,62.0
51,prison,,75%,white,,149.0,63.0
52,prison,,75%,white,,149.0,64.0
53,prison,,75%,white,,149.0,65.0
54,prison,,75%,white,,149.0,66.0
55,prison,,75%,white,,149.0,67.0
56,prison,,75%,white,,149.0,68.0
57,prison,,75%,white,,149.0,69.0
58,prison,,75%,white,,149.0,70.0
59,prison,,75%,white,,149.0,71.0
60,prison,,75%,non-white,,283.0,60.0
61,prison,,75%,non-white,,283.0,61.0
62,prison,,75%,non-white,,283.0,62.0
63,prison,,75%,non-white,,283.0,63.0
64,prison,,75%,non-white,,283.0,64.0
65,prison,,75%,non-white,,283.0,65.0
66,prison,,75%,non-white,,283.0,66.0
67,prison,,75%,non-white,,283.0,67.0
68,prison,,75%,non-white,,283.0,68.0
69,prison,,75%,non-white,,283.0,69.0
70,prison,,75%,non-white,,283.0,70.0
71,prison,,75%,non-white,,283.0,71.0
0,prison,,100%,white,,644.0,72.0
1,prison,,100%,white,,644.0,73.0
2,prison,,100%,white,,644.0,74.0
3,prison,,100%,white,,644.0,75.0
4,prison,,100%,white,,644.0,76.0
5,prison,,100%,white,,644.0,77.0
6,prison,,100%,white,,644.0,78.0
7,prison,,100%,white,,644.0,79.0
8,prison,,100%,white,,644.0,80.0
9,prison,,100%,white,,644.0,81.0
10,prison,,100%,white,,644.0,82.0
11,prison,,100%,white,,644.0,83.0
12,prison,,100%,non-white,,3255.0,72.0
13,prison,,100%,non-white,,3255.0,73.0
14,prison,,100%,non-white,,3255.0,74.0
15,prison,,100%,non-white,,3255.0,75.0
16,prison,,100%,non-white,,3255.0,76.0
17,prison,,100%,non-white,,3255.0,77.0
18,prison,,100%,non-white,,3255.0,78.0
19,prison,,100%,non-white,,3255.0,79.0
20,prison,,100%,non-white,,3255.0,80.0
21,prison,,100%,non-white,,3255.0,81.0
22,prison,,100%,non-white,,3255.0,82.0
23,prison,,100%,non-white,,3255.0,83.0
24,prison,,85%,white,,2639.0,72.0
25,prison,,85%,white,,2639.0,73.0
26,prison,,85%,white,,2639.0,74.0
27,prison,,85%,white,,2639.0,75.0
28,prison,,85%,white,,2639.0,76.0
29,prison,,85%,white,,2639.0,77.0
30,prison,,85%,white,,2639.0,78.0
31,prison,,85%,white,,2639.0,79.0
32,prison,,85%,white,,2639.0,80.0
33,prison,,85%,white,,2639.0,81.0
34,prison,,85%,white,,2639.0,82.0
35,prison,,85%,white,,2639.0,83.0
36,prison,,85%,non-white,,6659.0,72.0
37,prison,,85%,non-white,,6659.0,73.0
38,prison,,85%,non-white,,6659.0,74.0
39,prison,,85%,non-white,,6659.0,75.0
40,prison,,85%,non-white,,6659.0,76.0
41,prison,,85%,non-white,,6659.0,77.0
42,prison,,85%,non-white,,6659.0,78.0
43,prison,,85%,non-white,,6659.0,79.0
44,prison,,85%,non-white,,6659.0,80.0
45,prison,,85%,non-white,,6659.0,81.0
46,prison,,85%,non-white,,6659.0,82.0
47,prison,,85%,non-white,,6659.0,83.0
48,prison,,75%,white,,159.0,72.0
49,prison,,75%,white,,159.0,73.0
50,prison,,75%,white,,159.0,74.0
51,prison,,75%,white,,159.0,75.0
52,prison,,75%,white,,159.0,76.0
53,prison,,75%,white,,159.0,77.0
54,prison,,75%,white,,159.0,78.0
55,prison,,75%,white,,159.0,79.0
56,prison,,75%,white,,159.0,80.0
57,prison,,75%,white,,159.0,81.0
58,prison,,75%,white,,159.0,82.0
59,prison,,75%,white,,159.0,83.0
60,prison,,75%,non-white,,285.0,72.0
61,prison,,75%,non-white,,285.0,73.0
62,prison,,75%,non-white,,285.0,74.0
63,prison,,75%,non-white,,285.0,75.0
64,prison,,75%,non-white,,285.0,76.0
65,prison,,75%,non-white,,285.0,77.0
66,prison,,75%,non-white,,285.0,78.0
67,prison,,75%,non-white,,285.0,79.0
68,prison,,75%,non-white,,285.0,80.0
69,prison,,75%,non-white,,285.0,81.0
70,prison,,75%,non-white,,285.0,82.0
71,prison,,75%,non-white,,285.0,83.0
0,prison,,100%,white,,666.0,84.0
1,prison,,100%,white,,666.0,85.0
2,prison,,100%,white,,666.0,86.0
3,prison,,100%,white,,666.0,87.0
4,prison,,100%,white,,666.0,88.0
5,prison,,100%,white,,666.0,89.0
6,prison,,100%,white,,666.0,90.0
7,prison,,100%,white,,666.0,91.0
8,prison,,100%,white,,666.0,92.0
9,prison,,100%,white,,666.0,93.0
10,prison,,100%,white,,666.0,94.0
11,prison,,100%,white,,666.0,95.0
12,prison,,100%,non-white,,3351.0,84.0
13,prison,,100%,non-white,,3351.0,85.0
14,prison,,100%,non-white,,3351.0,86.0
15,prison,,100%,non-white,,3351.0,87.0
16,prison,,100%,non-white,,3351.0,88.0
17,prison,,100%,non-white,,3351.0,89.0
18,prison,,100%,non-white,,3351.0,90.0
19,prison,,100%,non-white,,3351.0,91.0
20,prison,,100%,non-white,,3351.0,92.0
21,prison,,100%,non-white,,3351.0,93.0
22,prison,,100%,non-white,,3351.0,94.0
23,prison,,100%,non-white,,3351.0,95.0
24,prison,,85%,white,,2673.0,84.0
25,prison,,85%,white,,2673.0,85.0
26,prison,,85%,white,,2673.0,86.0
27,prison,,85%,white,,2673.0,87.0
28,prison,,85%,white,,2673.0,88.0
29,prison,,85%,white,,2673.0,89.0
30,prison,,85%,white,,2673.0,90.0
31,prison,,85%,white,,2673.0,91.0
32,prison,,85%,white,,2673.0,92.0
33,prison,,85%,white,,2673.0,93.0
34,prison,,85%,white,,2673.0,94.0
35,prison,,85%,white,,2673.0,95.0
36,prison,,85%,non-white,,6718.0,84.0
37,prison,,85%,non-white,,6718.0,85.0
38,prison,,85%,non-white,,6718.0,86.0
39,prison,,85%,non-white,,6718.0,87.0
40,prison,,85%,non-white,,6718.0,88.0
41,prison,,85%,non-white,,6718.0,89.0
42,prison,,85%,non-white,,6718.0,90.0
43,prison,,85%,non-white,,6718.0,91.0
44,prison,,85%,non-white,,6718.0,92.0
45,prison,,85%,non-white,,6718.0,93.0
46,prison,,85%,non-white,,6718.0,94.0
47,prison,,85%,non-white,,6718.0,95.0
48,prison,,75%,white,,161.0,84.0
49,prison,,75%,white,,161.0,85.0
50,prison,,75%,white,,161.0,86.0
51,prison,,75%,white,,161.0,87.0
52,prison,,75%,white,,161.0,88.0
53,prison,,75%,white,,161.0,89.0
54,prison,,75%,white,,161.0,90.0
55,prison,,75%,white,,161.0,91.0
56,prison,,75%,white,,161.0,92.0
57,prison,,75%,white,,161.0,93.0
58,prison,,75%,white,,161.0,94.0
59,prison,,75%,white,,161.0,95.0
60,prison,,75%,non-white,,266.0,84.0
61,prison,,75%,non-white,,266.0,85.0
62,prison,,75%,non-white,,266.0,86.0
63,prison,,75%,non-white,,266.0,87.0
64,prison,,75%,non-white,,266.0,88.0
65,prison,,75%,non-white,,266.0,89.0
66,prison,,75%,non-white,,266.0,90.0
67,prison,,75%,non-white,,266.0,91.0
68,prison,,75%,non-white,,266.0,92.0
69,prison,,75%,non-white,,266.0,93.0
70,prison,,75%,non-white,,266.0,94.0
71,prison,,75%,non-white,,266.0,95.0
0,prison,,100%,white,,695.0,96.0
1,prison,,100%,white,,695.0,97.0
2,prison,,100%,white,,695.0,98.0
3,prison,,100%,white,,695.0,99.0
4,prison,,100%,white,,695.0,100.0
5,prison,,100%,white,,695.0,101.0
6,prison,,100%,white,,695.0,102.0
7,prison,,100%,white,,695.0,103.0
8,prison,,100%,white,,695.0,104.0
9,prison,,100%,white,,695.0,105.0
10,prison,,100%,white,,695.0,106.0
11,prison,,100%,white,,695.0,107.0
12,prison,,100%,non-white,,3412.0,96.0
13,prison,,100%,non-white,,3412.0,97.0
14,prison,,100%,non-white,,3412.0,98.0
15,prison,,100%,non-white,,3412.0,99.0
16,prison,,100%,non-white,,3412.0,100.0
17,prison,,100%,non-white,,3412.0,101.0
18,prison,,100%,non-white,,3412.0,102.0
19,prison,,100%,non-white,,3412.0,103.0
20,prison,,100%,non-white,,3412.0,104.0
21,prison,,100%,non-white,,3412.0,105.0
22,prison,,100%,non-white,,3412.0,106.0
23,prison,,100%,non-white,,3412.0,107.0
24,prison,,85%,white,,2725.0,96.0
25,prison,,85%,white,,2725.0,97.0
26,prison,,85%,white,,2725.0,98.0
27,prison,,85%,white,,2725.0,99.0
28,prison,,85%,white,,2725.0,100.0
29,prison,,85%,white,,2725.0,101.0
30,prison,,85%,white,,2725.0,102.0
31,prison,,85%,white,,2725.0,103.0
32,prison,,85%,white,,2725.0,104.0
33,prison,,85%,white,,2725.0,105.0
34,prison,,85%,white,,2725.0,106.0
35,prison,,85%,white,,2725.0,107.0
36,prison,,85%,non-white,,6661.0,96.0
37,prison,,85%,non-white,,6661.0,97.0
38,prison,,85%,non-white,,6661.0,98.0
39,prison,,85%,non-white,,6661.0,99.0
40,prison,,85%,non-white,,6661.0,100.0
41,prison,,85%,non-white,,6661.0,101.0
42,prison,,85%,non-white,,6661.0,102.0
43,prison,,85%,non-white,,6661.0,103.0
44,prison,,85%,non-white,,6661.0,104.0
45,prison,,85%,non-white,,6661.0,105.0
46,prison,,85%,non-white,,6661.0,106.0
47,prison,,85%,non-white,,6661.0,107.0
48,prison,,75%,white,,145.0,96.0
49,prison,,75%,white,,145.0,97.0
50,prison,,75%,white,,145.0,98.0
51,prison,,75%,white,,145.0,99.0
52,prison,,75%,white,,145.0,100.0
53,prison,,75%,white,,145.0,101.0
54,prison,,75%,white,,145.0,102.0
55,prison,,75%,white,,145.0,103.0
56,prison,,75%,white,,145.0,104.0
57,prison,,75%,white,,145.0,105.0
58,prison,,75%,white,,145.0,106.0
59,prison,,75%,white,,145.0,107.0
60,prison,,75%,non-white,,245.0,96.0
61,prison,,75%,non-white,,245.0,97.0
62,prison,,75%,non-white,,245.0,98.0
63,prison,,75%,non-white,,245.0,99.0
64,prison,,75%,non-white,,245.0,100.0
65,prison,,75%,non-white,,245.0,101.0
66,prison,,75%,non-white,,245.0,102.0
67,prison,,75%,non-white,,245.0,103.0
68,prison,,75%,non-white,,245.0,104.0
69,prison,,75%,non-white,,245.0,105.0
70,prison,,75%,non-white,,245.0,106.0
71,prison,,75%,non-white,,245.0,107.0
